original_path,original_name,new_name,产品编码,核心规格,包装类型,日期,版本,渠道,状态,设计图号,客户,备注,file_hash,duplicate_group,thumbnail_path
/Users/zhanghan/Desktop/涂覆包装-设计稿/1-11刀模图/V字卷-145x75x145mm-无齿预切线开口.pdf,V字卷-145x75x145mm-无齿预切线开口.pdf,V字卷-145X75_145-彩盒-20260123-V1.pdf,V字卷,145X75_145,彩盒,20260123,V1,其他,进行中,,,,06790771ddcd4337c718ae91dcafea08370dbed61253bed428041d7d1b0d577b,,thumbnails/2ad4710cc864915b7dd235f788b00e75.jpg
/Users/zhanghan/Desktop/涂覆包装-设计稿/1-11刀模图/V字卷-带卷轴-刀模图-135x135x75mm.pdf,V字卷-带卷轴-刀模图-135x135x75mm.pdf,V字卷-135X135_75-刀模图-20260128-V1.pdf,V字卷,135X135_75,刀模图,20260128,V1,其他,进行中,,,,2093a0c2e6c4489d67e1e1cfdd5d70bf136f060132423d7d566e70a709e2ba48,,thumbnails/0494c83960e2e3e488de41ad74e9b128.jpg
/Users/zhanghan/Desktop/涂覆包装-设计稿/1-11刀模图/刀模图-155x155x110mm.pdf,刀模图-155x155x110mm.pdf,待补充-155X155_110-刀模图-20250714-V1.pdf,待补充,155X155_110,刀模图,20250714,V1,其他,进行中,,,,ba29f43c7c6170bf93bbd87b97e372611be56d6752bc12c10b5715a8204df374,,thumbnails/324eb6f112a0b3610c4f83af257535c5.jpg
/Users/zhanghan/Desktop/涂覆包装-设计稿/1-11刀模图/刀模图-V字卷-115mmx12m-刀模图.pdf,刀模图-V字卷-115mmx12m-刀模图.pdf,V字卷-115X12M-刀模图-20250714-V1.pdf,V字卷,115X12M,刀模图,20250714,V1,其他,进行中,,,,6f8dbf013984db49b0c0600fdb59f6c1b99d077fd6b2332fa01c4bbe0601de0d,,thumbnails/ae869600519ada1a211bcf1ed3977085.jpg
/Users/zhanghan/Desktop/涂覆包装-设计稿/1-11刀模图/刀模图-海绵块210x140x135-BS03+04x10pcs.pdf,刀模图-海绵块210x140x135-BS03+04x10pcs.pdf,BS03-210X140_04X10-刀模图-20250616-V1.pdf,BS03,210X140_04X10,刀模图,20250616,V1,其他,进行中,,,,cbdaf0c2396712ae81ffd0058b76ee9c072a814984239964cba82e2e26388fcd,,thumbnails/f3bf0eb0e25d5f82ed075c07eac4c1b9.jpg
/Users/zhanghan/Desktop/涂覆包装-设计稿/1-11刀模图/拉绒片-发样彩卡包装.pdf,拉绒片-发样彩卡包装.pdf,拉绒片-待补充-彩盒-20251210-V1.pdf,拉绒片,待补充,彩盒,20251210,V1,其他,进行中,,,,fb73a3aabd6f0b2770469428c9f0b9e0a74a6fcdf2d9a3e4902303486a46fd0a,,thumbnails/8b61d2100df19f6efc02702c597aaf1a.jpg
/Users/zhanghan/Desktop/涂覆包装-设计稿/1-1涂附-拉绒片-彩盒/6寸黄砂-50pcs-15H-单粒度装－FASTPLUS独立站包装盒.pdf,6寸黄砂-50pcs-15H-单粒度装－FASTPLUS独立站包装盒.pdf,待补充-15H-彩盒-20241022-V1.pdf,待补充,15H,彩盒,20241022,V1,独立站,进行中,,,,5de038d14d4c3da8ffc09d3d0dcc4cb8122801520bce8218cd8f21dd37f944a4,,thumbnails/2d636ae9ae241747e74226b49687d936.jpg
/Users/zhanghan/Desktop/涂覆包装-设计稿/1-1涂附-拉绒片-彩盒/B15-225-9H-25PCS-20250715.pdf,B15-225-9H-25PCS-20250715.pdf,B15-225_9H-彩盒-20250715-V1.pdf,B15,225_9H,彩盒,20250715,V1,其他,进行中,,,,b947602de3527ff5b978f41a7a499e35ffc56b2251c603618e9ed10304a38128,DUP-001,thumbnails/b13ced847575de5a9467e60653d82e8f.jpg
/Users/zhanghan/Desktop/涂覆包装-设计稿/1-1涂附-拉绒片-彩盒/B25-125-8H-50PCS-20250715.pdf,B25-125-8H-50PCS-20250715.pdf,B25-125_8H-彩盒-20250715-V1.pdf,B25,125_8H,彩盒,20250715,V1,其他,进行中,,,,356edefb6ab93f22c691383de2f243b89ebb60897fc18f1c66d36a46e02e31fd,,thumbnails/049dbed8883f2afb91afa346d00cd986.jpg
/Users/zhanghan/Desktop/涂覆包装-设计稿/1-1涂附-拉绒片-彩盒/B25-150-15H-50PCS-20250715.pdf,B25-150-15H-50PCS-20250715.pdf,B25-150_15H-彩盒-20250715-V1.pdf,B25,150_15H,彩盒,20250715,V1,其他,进行中,,,,115cd9380be9ffa6ebf0ef00f659764e064c253e19010bf3f8c1abceaeb7486f,,thumbnails/069a37a671bbf4961c2c44fb8cff6bdb.jpg
/Users/zhanghan/Desktop/涂覆包装-设计稿/1-1涂附-拉绒片-彩盒/B25-150mm-15H-50pcs-黑白标签.pdf,B25-150mm-15H-50pcs-黑白标签.pdf,B25-150_15H-标签-20250620-V1.pdf,B25,150_15H,标签,20250620,V1,其他,进行中,,,,fc55c69f25da227912e81291aea8d21e75c39c6cfa83565ebea8ded3def1f614,,thumbnails/6bbe7f1384cec0816bff2b381cedf157.jpg
/Users/zhanghan/Desktop/涂覆包装-设计稿/1-1涂附-拉绒片-彩盒/B25-5''-15H-100PCS.pdf,B25-5''-15H-100PCS.pdf,B25-15H-彩盒-20230616-V1.pdf,B25,15H,彩盒,20230616,V1,其他,进行中,,,,3496f7d562a3379934ccdcd5b279ac2a0947381420335566519db7f2186eef91,,thumbnails/63c3ea94bb00d5cd694a1d3c0132d62a.jpg
/Users/zhanghan/Desktop/涂覆包装-设计稿/1-1涂附-拉绒片-彩盒/B25-6寸15孔黄砂彩盒及标签.pdf,B25-6寸15孔黄砂彩盒及标签.pdf,B25-待补充-标签-20250611-V1.pdf,B25,待补充,标签,20250611,V1,其他,进行中,,,,9a5bf525de75ba2cf54aad668272b5d293583a9f77d25bcf586e6a053566a1ee,DUP-002,thumbnails/e921554142d0b14663fcaf19e70da54b.jpg
/Users/zhanghan/Desktop/涂覆包装-设计稿/1-1涂附-拉绒片-彩盒/B65-125-8H-50PCS-20250715.pdf,B65-125-8H-50PCS-20250715.pdf,B65-125_8H-彩盒-20250715-V1.pdf,B65,125_8H,彩盒,20250715,V1,其他,进行中,,,,5ed16332059a7cec5e53d30dd8fc4ba29fcad6f338d0f470a9c249550bb17154,DUP-003,thumbnails/b51bdda99a82820ef4f79f187a2a5bc2.jpg
/Users/zhanghan/Desktop/涂覆包装-设计稿/1-1涂附-拉绒片-彩盒/B65-150-49H-50PCS-20250715.pdf,B65-150-49H-50PCS-20250715.pdf,B65-150_49H-彩盒-20250715-V1.pdf,B65,150_49H,彩盒,20250715,V1,其他,进行中,,,,469e2161b720ad4e2922d22436d2f7fcb982584f366b5be990330b33ca920d8b,,thumbnails/f44b3670cbec6b7c78a18f3e5a123ede.jpg
/Users/zhanghan/Desktop/涂覆包装-设计稿/1-1涂附-拉绒片-彩盒/B65-225-激光多孔-25PCS-20250715.pdf,B65-225-激光多孔-25PCS-20250715.pdf,B65-25PCS-彩盒-20250715-V1.pdf,B65,25PCS,彩盒,20250715,V1,其他,进行中,,,,81fe2af9726a336f71cc6ae167317b40f56d1e37ce4f95ae9290f59aa45b6320,DUP-004,thumbnails/1ab1c5e944fe07d404f20adb3696fb9d.jpg
/Users/zhanghan/Desktop/涂覆包装-设计稿/1-1涂附-拉绒片-彩盒/B65-225mm-MH-50PCS-彩标.pdf,B65-225mm-MH-50PCS-彩标.pdf,B65-225-彩盒-20250619-V1.pdf,B65,225,彩盒,20250619,V1,其他,进行中,,,,1bd6f127a6de787bdb52a60d6a4afe418ead43c26ba5d331e3859e0d93bfa73b,,thumbnails/aeb23f1264f75f3bb4367ea0aea16418.jpg
/Users/zhanghan/Desktop/涂覆包装-设计稿/1-1涂附-拉绒片-彩盒/B65-6''-15H-100PCS.pdf,B65-6''-15H-100PCS.pdf,B65-15H-彩盒-20231222-V1.pdf,B65,15H,彩盒,20231222,V1,其他,进行中,,,,a47e08672949b2fcc1f63d4278130d779d8ecf11d0e0e31c1cbdd0b85736dba0,,thumbnails/474ab9ab878dc6ebccd262874d6c661b.jpg
/Users/zhanghan/Desktop/涂覆包装-设计稿/1-1涂附-拉绒片-彩盒/B66-125mm-8H-50PCS-黑白标签.pdf,B66-125mm-8H-50PCS-黑白标签.pdf,B66-125_8H-标签-20230918-V1.pdf,B66,125_8H,标签,20230918,V1,其他,进行中,,,,fac4fc6e54977e5af81df5db17d9ca7418325adff6e0cd2422c392b86f156f89,,thumbnails/0bccbf42935f53d1a7ba64589f75250a.jpg
/Users/zhanghan/Desktop/涂覆包装-设计稿/1-1涂附-拉绒片-彩盒/B66-150mm-MH-50pcs.pdf,B66-150mm-MH-50pcs.pdf,B66-150-彩盒-20240910-V1.pdf,B66,150,彩盒,20240910,V1,其他,进行中,,,,4db7ded0e195815ad41b82434d5407acc876f1e60507aa02d371dceb061b298b,,thumbnails/34f004d1c72ce8ad953115ae6155294b.jpg
/Users/zhanghan/Desktop/涂覆包装-设计稿/1-1涂附-拉绒片-彩盒/BCG10-125mm-50pcs-黑白标签.pdf,BCG10-125mm-50pcs-黑白标签.pdf,BCG10-125-标签-20240621-V1.pdf,BCG10,125,标签,20240621,V1,其他,进行中,,,,f3a1b127e16d614b681dc045192e4c91b86f57e085757c1cb95fde329b198002,,thumbnails/01663004b69032f2fdfe759a4db1f9a2.jpg
/Users/zhanghan/Desktop/涂覆包装-设计稿/1-1涂附-拉绒片-彩盒/BCG10-150mm-50pcs-黑白标签.pdf,BCG10-150mm-50pcs-黑白标签.pdf,BCG10-150-标签-20231117-V1.pdf,BCG10,150,标签,20231117,V1,其他,进行中,,,,22c97a002716cbad24b75c1ff173245af98858b3575560a7f8f7c2ecd70537d3,,thumbnails/22cca302a1934df158774bb8b046f881.jpg
/Users/zhanghan/Desktop/涂覆包装-设计稿/1-1涂附-拉绒片-彩盒/BCG8-6-50PCS-彩盒.pdf,BCG8-6-50PCS-彩盒.pdf,BCG8-50PCS-彩盒-20250630-V1.pdf,BCG8,50PCS,彩盒,20250630,V1,其他,进行中,,,,504d25a64baf22eaa875beab2ee74d7e223ed0b6596a7ce705a92480a4843a70,,thumbnails/35b54828d9e40b06bf50274b38266da6.jpg
/Users/zhanghan/Desktop/涂覆包装-设计稿/1-1涂附-拉绒片-彩盒/BCG8-6-50PCS-黑白标签.pdf,BCG8-6-50PCS-黑白标签.pdf,BCG8-50PCS-标签-20250617-V1.pdf,BCG8,50PCS,标签,20250617,V1,其他,进行中,,,,e22df06a0c4a81f96bc4e6d0366812ae5a25713eafb7d6820cf52ce2a4185257,,thumbnails/1e3b641427d4d195bd3291ceeff542df.jpg
/Users/zhanghan/Desktop/涂覆包装-设计稿/1-1涂附-拉绒片-彩盒/BD8-10片装-信封包装.pdf,BD8-10片装-信封包装.pdf,BD8-待补充-信封包装-20251027-V1.pdf,BD8,待补充,信封包装,20251027,V1,其他,进行中,,,,2623961f7ba9bedf2553b1b014ff90f1094f28cd17f4944d364a3b5819d2d309,,thumbnails/3941e8d79dd07d53d756b930969e3d9e.jpg
/Users/zhanghan/Desktop/涂覆包装-设计稿/1-1涂附-拉绒片-彩盒/BD8点修-100片信封包装 210x115mm(1).pdf,BD8点修-100片信封包装 210x115mm(1).pdf,BD8-210X115_210X115M-信封包装-20251103-V1.pdf,BD8,210X115_210X115M,信封包装,20251103,V1,其他,进行中,,,,a010cd874835b6756eee4dcef9cc662492a7078d035e15fb50dd57637b604583,,thumbnails/42bf993a3843d9472fdbca08c41064a9.jpg
/Users/zhanghan/Desktop/涂覆包装-设计稿/1-1涂附-拉绒片-彩盒/BD8点修-100片信封包装 210x115mm.pdf,BD8点修-100片信封包装 210x115mm.pdf,BD8-210X115_210X115M-信封包装-20251111-V1.pdf,BD8,210X115_210X115M,信封包装,20251111,V1,其他,进行中,,,,8c1ec39fdbd516df2f0570d3e258bed8ae45167f2217e1921d0f0839587ee30d,,thumbnails/9c12f7dc0110ba5dcd2058388cb5164c.jpg
/Users/zhanghan/Desktop/涂覆包装-设计稿/1-1涂附-拉绒片-彩盒/BD9-29x35-彩盒-2509091.pdf,BD9-29x35-彩盒-2509091.pdf,BD9-29X35-彩盒-20250909-V1.pdf,BD9,29X35,彩盒,20250909,V1,其他,进行中,,,,3a153df333bc26919a58175757ebe556c61dc8f303b279735cd7ebeb661a1e2b,,thumbnails/2d6c880d4749f54c7493f296a75b9a7e.jpg
/Users/zhanghan/Desktop/涂覆包装-设计稿/1-1涂附-拉绒片-彩盒/BD9点修-spotcut包装 180x70x20mm-出版尺寸-长.pdf,BD9点修-spotcut包装 180x70x20mm-出版尺寸-长.pdf,BD9-180X70_20-彩盒-20251111-V1.pdf,BD9,180X70_20,彩盒,20251111,V1,其他,进行中,,,,33595da8872f5fb4e800b91be2e4cf5651be575ebb31cb2f65f1f3b8e18ba268,,thumbnails/d39b7f2ecb164190e04f3ba2b96028d8.jpg
/Users/zhanghan/Desktop/涂覆包装-设计稿/1-1涂附-拉绒片-彩盒/BDL9-150mm-MH-20PCS-黑白标签.pdf,BDL9-150mm-MH-20PCS-黑白标签.pdf,BDL9-150-标签-20250617-V1.pdf,BDL9,150,标签,20250617,V1,其他,进行中,,,,5658016ede619d7b6ee7f969a02c7219f4ee6dda493006ffe5e31c41c933d166,DUP-005,thumbnails/b3e412241291bf970f2f2b0379340cb0.jpg
/Users/zhanghan/Desktop/涂覆包装-设计稿/1-1涂附-拉绒片-彩盒/BDL9-150mm-蝴蝶孔-50pcs-黑白标签.pdf,BDL9-150mm-蝴蝶孔-50pcs-黑白标签.pdf,BDL9-150-标签-20240722-V1.pdf,BDL9,150,标签,20240722,V1,其他,进行中,,,,10b30c7558b00de00c1f11d3c499c0d44cf03d7d2e64ed045a8c5fe8b5603f17,,thumbnails/ef962e47eec49f17901ac1d52b178f75.jpg
/Users/zhanghan/Desktop/涂覆包装-设计稿/1-1涂附-拉绒片-彩盒/BDL9-6''-15H-100PCS.pdf,BDL9-6''-15H-100PCS.pdf,BDL9-15H-彩盒-20231222-V1.pdf,BDL9,15H,彩盒,20231222,V1,其他,进行中,,,,51e877f81ce6a03dfb0bad735f009de6961d21b6c2556a53fa37a42a7e58ad4a,,thumbnails/9c9509fb5325700542bd56a5951fabb0.jpg
/Users/zhanghan/Desktop/涂覆包装-设计稿/1-1涂附-拉绒片-彩盒/BDL9-6''-MH-50PCS-亚马逊.pdf,BDL9-6''-MH-50PCS-亚马逊.pdf,BDL9-50PCS-彩盒-20230613-V1.pdf,BDL9,50PCS,彩盒,20230613,V1,亚马逊,进行中,,,,3416586167667996185562ccdf6a445615ccc838b164a2a9af48d75da5858b20,,thumbnails/9bd6e8464b253dc8d345b03f80b2c51a.jpg
/Users/zhanghan/Desktop/涂覆包装-设计稿/1-1涂附-拉绒片-彩盒/BDL9多孔海绵-6-彩盒.pdf,BDL9多孔海绵-6-彩盒.pdf,BDL9-待补充-彩盒-20250620-V1.pdf,BDL9,待补充,彩盒,20250620,V1,其他,进行中,,,,467b051aac8d60d70720ae4be6720cf10cb0cdcdc09338c489161f17afa5cdb1,,thumbnails/7360fe35016e10b3b20fe852a8b8ef80.jpg
/Users/zhanghan/Desktop/涂覆包装-设计稿/1-1涂附-拉绒片-彩盒/BF12-150mm-黑白标签.pdf,BF12-150mm-黑白标签.pdf,BF12-150-标签-20230912-V1.pdf,BF12,150,标签,20230912,V1,其他,进行中,,,,d26340dd50346f750b04982c5a3910f9bedfae59504e13f71d80e4701d9de5fb,,thumbnails/5ae52b97a887bddbe0eca340bd6033ec.jpg
/Users/zhanghan/Desktop/涂覆包装-设计稿/1-1涂附-拉绒片-彩盒/BF12-6寸-海绵砂纸-激光多孔-单粒度15pcs.pdf,BF12-6寸-海绵砂纸-激光多孔-单粒度15pcs.pdf,BF12-15PCS-彩盒-20230616-V1.pdf,BF12,15PCS,彩盒,20230616,V1,其他,进行中,,,,51d7d152ebff26d3858910b92c527441237e9cccb10f94ffd3fcc6ed46bf7d8b,,thumbnails/f823056c466a8329c90982ee0dffd20c.jpg
/Users/zhanghan/Desktop/涂覆包装-设计稿/1-1涂附-拉绒片-彩盒/BF77PRO-6-15H-50PCS-黑白标签.pdf,BF77PRO-6-15H-50PCS-黑白标签.pdf,BF77PRO-15H-标签-20250617-V1.pdf,BF77PRO,15H,标签,20250617,V1,其他,进行中,,,,cdf0df68f1aeebcaca5b3acf14479350d6de209be6d2de26477a3c46fb0cfe50,DUP-006,thumbnails/481b0aa3c18d32222fde69f6bb8019ad.jpg
/Users/zhanghan/Desktop/涂覆包装-设计稿/1-1涂附-拉绒片-彩盒/BF78 PRO-6-15H-50PCS-黑白标签.pdf,BF78 PRO-6-15H-50PCS-黑白标签.pdf,BF78-15H-标签-20250617-V1.pdf,BF78,15H,标签,20250617,V1,其他,进行中,,,,3e16ca3c7c6c3feeb7576793be67ac0e8f5a2e9ca8eefc116db191caf97e5e9c,DUP-007,thumbnails/23420ba265682a8ddec6a657c517d9dd.jpg
/Users/zhanghan/Desktop/涂覆包装-设计稿/1-1涂附-拉绒片-彩盒/BF78-150-通用孔-50PCS-202507150.pdf,BF78-150-通用孔-50PCS-202507150.pdf,BF78-50PCS-彩盒-20250715-V1.pdf,BF78,50PCS,彩盒,20250715,V1,其他,进行中,,,通用,8230a4d9d2b0ad1e5ce35946f7352d6e4afb82679d52e116a7fd88e774f11c9a,,thumbnails/172c96dd57ec900df839e31eab4720e0.jpg
/Users/zhanghan/Desktop/涂覆包装-设计稿/1-1涂附-拉绒片-彩盒/BF78PRO-6-15H-50PCS-FPD10025.pdf,BF78PRO-6-15H-50PCS-FPD10025.pdf,BF78PRO-15H-彩盒-20250617-V1.pdf,BF78PRO,15H,彩盒,20250617,V1,其他,进行中,FPD10025,,,3e16ca3c7c6c3feeb7576793be67ac0e8f5a2e9ca8eefc116db191caf97e5e9c,DUP-007,thumbnails/0ab4b9ef41992e56e712da256928286e.jpg
/Users/zhanghan/Desktop/涂覆包装-设计稿/1-1涂附-拉绒片-彩盒/BNW无纺布-10片单混通用-310x240x60.pdf,BNW无纺布-10片单混通用-310x240x60.pdf,无纺布-310X240-彩盒-20251103-V1.pdf,无纺布,310X240,彩盒,20251103,V1,其他,进行中,,,通用；单混,4d33e5a3cd208305692eaa5b140d0574ff75947e00ef35b0882ac66f884c479c,,thumbnails/dda58ae991a22ae88ac415850f63e48c.jpg
/Users/zhanghan/Desktop/涂覆包装-设计稿/1-1涂附-拉绒片-彩盒/BS03_BS04-20-MIX-黑白标签-更新尺寸.pdf,BS03_BS04-20-MIX-黑白标签-更新尺寸.pdf,BS03-待补充-标签-20250825-V1.pdf,BS03,待补充,标签,20250825,V1,其他,进行中,,,,80744710c30b3010b89e4fb4b7d1af171969e46dbc5547ab0a50a1b97e58e479,,thumbnails/69f0a5616717cc4deb5d62d3b4391584.jpg
/Users/zhanghan/Desktop/涂覆包装-设计稿/1-1涂附-拉绒片-彩盒/BSP-SAMPLE-PACK-样品包装彩盒-2512.pdf,BSP-SAMPLE-PACK-样品包装彩盒-2512.pdf,待补充-待补充-彩盒-20251222-V1.pdf,待补充,待补充,彩盒,20251222,V1,其他,进行中,,,,0da4da913ffcf9323b38066122cc8e4fc8a6d4f79c307831584252a85a4385d0,,thumbnails/a02b706116741b671e0feeff331d87d2.jpg
/Users/zhanghan/Desktop/涂覆包装-设计稿/1-1涂附-拉绒片-彩盒/BT77-150-激光多孔-50pcs-20250715.pdf,BT77-150-激光多孔-50pcs-20250715.pdf,BT77-50PCS-彩盒-20250715-V1.pdf,BT77,50PCS,彩盒,20250715,V1,其他,进行中,,,,d9174bac9968ced2b7d7deacd338e7ba54640cd4bb03152731134f0ad109fe28,DUP-008,thumbnails/13ecb8f7cb55999a2d08d14a630ed10a.jpg
/Users/zhanghan/Desktop/涂覆包装-设计稿/1-1涂附-拉绒片-彩盒/BT77-150MM-15H-50PCS-黑白标签.pdf,BT77-150MM-15H-50PCS-黑白标签.pdf,BT77-150_15H-标签-20250704-V1.pdf,BT77,150_15H,标签,20250704,V1,其他,进行中,,,,f3b788766c160599fab68b128ff6abdc19ba0479b26cb6e75b45b3f619c774bb,DUP-009,thumbnails/ebe9c2afad767644c4bd7c4646c99d08.jpg
/Users/zhanghan/Desktop/涂覆包装-设计稿/1-1涂附-拉绒片-彩盒/BT77-150mm-15H-50pcs-黑白标签-高度不够.pdf,BT77-150mm-15H-50pcs-黑白标签-高度不够.pdf,BT77-150_15H-标签-20250611-V1.pdf,BT77,150_15H,标签,20250611,V1,其他,进行中,,,高度不够,fc6e2724530cf54db98803fa6ca94ede00315e83e59f7ee7ac25cb86140e2ca7,DUP-010,thumbnails/c3afad4dbb9913502a320849a60b1da8.jpg
/Users/zhanghan/Desktop/涂覆包装-设计稿/1-1涂附-拉绒片-彩盒/BT77-70X12-VROLL-FPD10032.pdf,BT77-70X12-VROLL-FPD10032.pdf,BT77-70X12-彩盒-20250620-V1.pdf,BT77,70X12,彩盒,20250620,V1,其他,进行中,FPD10032,,,11985d8a27bef78e9e182b9fc3fa762fbda819d9ea56850c12e4bfbf5ff9bd0c,DUP-011,thumbnails/54f5a62025189d779c1e5ff9f8f57208.jpg
/Users/zhanghan/Desktop/涂覆包装-设计稿/1-1涂附-拉绒片-彩盒/BT77-70X198-70X420-25PCS-20250715.pdf,BT77-70X198-70X420-25PCS-20250715.pdf,BT77-70X198-70X420_70X198-彩盒-20250715-V1.pdf,BT77,70X198-70X420_70X198,彩盒,20250715,V1,其他,进行中,,,,496794c360c158c61201ec9695e5b24d1cbdc399013713402b2bb7667c065135,DUP-012,thumbnails/0f5b8340dd3e45c02a8c6c3ebe28afd3.jpg
/Users/zhanghan/Desktop/涂覆包装-设计稿/1-1涂附-拉绒片-彩盒/EMT1封边胶带彩盒设计稿 图号-FPD10016.pdf,EMT1封边胶带彩盒设计稿 图号-FPD10016.pdf,EMT1-待补充-彩盒-20240109-V1.pdf,EMT1,待补充,彩盒,20240109,V1,其他,进行中,FPD10016,,,5b79d69926dbc593c1f3f50520ccffc1ea6b5e3a0541752274beb988ee95ba12,,thumbnails/55bb4fd365f5d8cadec8c9656ca13ea7.jpg
/Users/zhanghan/Desktop/涂覆包装-设计稿/1-1涂附-拉绒片-彩盒/FPD00002-5寸-红砂-8孔-混装100pcs.pdf,FPD00002-5寸-红砂-8孔-混装100pcs.pdf,待补充-100PCS-彩盒-20230613-V1.pdf,待补充,100PCS,彩盒,20230613,V1,其他,进行中,FPD00002,,混装,ca38b394a546cdce91cc0264b3375860979ef31d90b29c6412f93c4fc69e8a9b,,thumbnails/29b2f6f2f5b7ee108a5451ba0577a9eb.jpg
/Users/zhanghan/Desktop/涂覆包装-设计稿/1-1涂附-拉绒片-彩盒/FPD00004-32mm-点修-单粒度1卷500pcs.pdf,FPD00004-32mm-点修-单粒度1卷500pcs.pdf,点修-32-彩盒-20230613-V1.pdf,点修,32,彩盒,20230613,V1,其他,进行中,FPD00004,,,9e26aad2de964f5b4c29abc24a145a8d2b821e458f83cfc11732d5987e7574c0,,thumbnails/277bf1de228c1a046fdc2e20b35a3a7d.jpg
/Users/zhanghan/Desktop/涂覆包装-设计稿/1-1涂附-拉绒片-彩盒/FPD00006-F65-5寸-蓝砂-8H-100pcs混装.pdf,FPD00006-F65-5寸-蓝砂-8H-100pcs混装.pdf,F65-8H-彩盒-20230616-V1.pdf,F65,8H,彩盒,20230616,V1,其他,进行中,FPD00006,,混装,a22aea0095105c4c2cadd315b6685bce6f14663867fd9c055a61119257a43a03,,thumbnails/fffeb7315f6c21d44b125640937894ae.jpg
/Users/zhanghan/Desktop/涂覆包装-设计稿/1-1涂附-拉绒片-彩盒/FPD00007-F65-6寸-蓝砂-15H-100pcs混装.pdf,FPD00007-F65-6寸-蓝砂-15H-100pcs混装.pdf,F65-15H-彩盒-20230616-V1.pdf,F65,15H,彩盒,20230616,V1,其他,进行中,FPD00007,,混装,c4eef17d68f5db4dba2ce53f373d1db8c332a338ba0430bc73619f5596ea195b,,thumbnails/3e436982f8472a0a5ccc92837f58fbe9.jpg
/Users/zhanghan/Desktop/涂覆包装-设计稿/1-1涂附-拉绒片-彩盒/FPD00008-F15-70mmx18m-黄砂-PSA卷.pdf,FPD00008-F15-70mmx18m-黄砂-PSA卷.pdf,F15-70X18M-彩盒-20230616-V1.pdf,F15,70X18M,彩盒,20230616,V1,其他,进行中,FPD00008,,,6713d0bfad2a5bd95fb1a8c537ca28a6b91c8ee72b6dba2942455495f6afcf33,,thumbnails/85dff6481f1ea4b89b69f5d2aae0f07d.jpg
/Users/zhanghan/Desktop/涂覆包装-设计稿/1-1涂附-拉绒片-彩盒/FPD00009-F737-紫砂V字卷-115mmx12m.pdf,FPD00009-F737-紫砂V字卷-115mmx12m.pdf,F737-115X12M-彩盒-20230616-V1.pdf,F737,115X12M,彩盒,20230616,V1,其他,进行中,FPD00009,,,7e5546088428a692e80e3374a3bfb587b2fe080e593528c2607bca54bc2fe3d8,,thumbnails/5266728ec0940f4dd17925f257470239.jpg
/Users/zhanghan/Desktop/涂覆包装-设计稿/1-1涂附-拉绒片-彩盒/FPD00011-9x3.6”水砂-36pcs.pdf,FPD00011-9x3.6”水砂-36pcs.pdf,待补充-36PCS-彩盒-20230616-V1.pdf,待补充,36PCS,彩盒,20230616,V1,其他,进行中,FPD00011,,,439125aae69d79841184c10f6932d8f1049101fd5a157092329607fc2f8bf715,,thumbnails/4ee5741cc6818f90ac1840d2a7574591.jpg
/Users/zhanghan/Desktop/涂覆包装-设计稿/1-1涂附-拉绒片-彩盒/FPD00012-9x3.6”水砂-42pcs.pdf,FPD00012-9x3.6”水砂-42pcs.pdf,待补充-42PCS-彩盒-20230616-V1.pdf,待补充,42PCS,彩盒,20230616,V1,其他,进行中,FPD00012,,,9c1af5ffd5fdd0690348f78612a9fd941ed0734333b7ea44edaa9dcc363ab8a7,,thumbnails/ccf4574a68c7e1fed0371092f6220652.jpg
/Users/zhanghan/Desktop/涂覆包装-设计稿/1-1涂附-拉绒片-彩盒/FPD00013-9x3.6”水砂-90pcs.pdf,FPD00013-9x3.6”水砂-90pcs.pdf,待补充-90PCS-彩盒-20230616-V1.pdf,待补充,90PCS,彩盒,20230616,V1,其他,进行中,FPD00013,,,bb3ee02521bc72f728f4bac3a1992b486f389f61dcfdedcf65f80c286a64676d,,thumbnails/aa8978023650a64b9077ae30e8c747ba.jpg
/Users/zhanghan/Desktop/涂覆包装-设计稿/1-1涂附-拉绒片-彩盒/FPD00014-F737-6寸-紫砂-15H-混装100pcs.pdf,FPD00014-F737-6寸-紫砂-15H-混装100pcs.pdf,F737-15H-彩盒-20230616-V1.pdf,F737,15H,彩盒,20230616,V1,其他,进行中,FPD00014,,混装,18346a009cdd84fc337334754eebb4418f4a0e20054c35fa87fb441e54bc7911,,thumbnails/d0f4f87cc88212c18a06c595fc005052.jpg
/Users/zhanghan/Desktop/涂覆包装-设计稿/1-1涂附-拉绒片-彩盒/FPD00015-F65-70mmx18m-蓝砂-PSA卷 不含规格标签.pdf,FPD00015-F65-70mmx18m-蓝砂-PSA卷 不含规格标签.pdf,F65-70X18M-规格标签-20231107-V1.pdf,F65,70X18M,规格标签,20231107,V1,其他,进行中,FPD00015,,,734d6f11540e458045dbc0cf39e4bf7d1c38c852cd4c0538272280409d5458f3,,thumbnails/e1bd75d2105df838169421c953d9f9aa.jpg
/Users/zhanghan/Desktop/涂覆包装-设计稿/1-1涂附-拉绒片-彩盒/FPD00015-F65-70mmx18m-蓝砂-PSA卷.pdf,FPD00015-F65-70mmx18m-蓝砂-PSA卷.pdf,F65-70X18M-彩盒-20230616-V1.pdf,F65,70X18M,彩盒,20230616,V1,其他,进行中,FPD00015,,,c7907446e8fa0550e969579d6ff914a66c8f09f123e8271f869bdf6251989c0d,,thumbnails/6a8af9c260f92efe360913a2360c8009.jpg
/Users/zhanghan/Desktop/涂覆包装-设计稿/1-1涂附-拉绒片-彩盒/FPD00016-F65-70mmx125mm-蓝砂-25pcs.pdf,FPD00016-F65-70mmx125mm-蓝砂-25pcs.pdf,F65-70X125M_125-彩盒-20230616-V1.pdf,F65,70X125M_125,彩盒,20230616,V1,其他,进行中,FPD00016,,,67514c2ec529f4e3fdd3d9e7057e602054516c0b99356697e0351a4c8940afac,,thumbnails/2515e81fb77fa8f533b68a67765b6b11.jpg
/Users/zhanghan/Desktop/涂覆包装-设计稿/1-1涂附-拉绒片-彩盒/FPD00017-F15-5寸-黄砂-8H-50pcs混装.pdf,FPD00017-F15-5寸-黄砂-8H-50pcs混装.pdf,F15-8H-彩盒-20230616-V1.pdf,F15,8H,彩盒,20230616,V1,其他,进行中,FPD00017,,混装,bb8b40cf6a554ffa539fdc1f08482c43579685cdaa7f98504652028b572a9c08,,thumbnails/8d89c40b9cd3f8d3b6ae4f10f0ed7200.jpg
/Users/zhanghan/Desktop/涂覆包装-设计稿/1-1涂附-拉绒片-彩盒/横版-BD9点修+麻将块-spotcut包装 155x83x20mm.pdf,横版-BD9点修+麻将块-spotcut包装 155x83x20mm.pdf,BD9-155X83_20-彩盒-20251217-V1.pdf,BD9,155X83_20,彩盒,20251217,V1,其他,进行中,,,,fbf627c4d346d3b57afe0edc8e73ea267dbed22a646b5d523b9591e0435ea92a,DUP-013,thumbnails/1e1df2439b3bfa181d74b42359338976.jpg
/Users/zhanghan/Desktop/涂覆包装-设计稿/1-1涂附-拉绒片-彩盒/紫色钢纸磨片-115mm-十字孔.pdf,紫色钢纸磨片-115mm-十字孔.pdf,待补充-115-彩盒-20241115-V1.pdf,待补充,115,彩盒,20241115,V1,其他,进行中,,,,e4aacc16f02b2631dd2556d96e8e5edc5abbadc4c5d079083f155c90052e4bff,,thumbnails/403c4de10a8f85c92ba1e7c614226e67.jpg
/Users/zhanghan/Desktop/涂覆包装-设计稿/1-1涂附-拉绒片-彩盒/钢纸磨片-5“-10字孔-25pcs.pdf,钢纸磨片-5“-10字孔-25pcs.pdf,待补充-25PCS-彩盒-20241115-V1.pdf,待补充,25PCS,彩盒,20241115,V1,其他,进行中,,,,3b9bc131cc5f969fb16d27e842ace2b64c57fc5d316a40995e54d99cf3ada451,,thumbnails/953eb4ab9cd47c32b97de3d3116a44cc.jpg
/Users/zhanghan/Desktop/涂覆包装-设计稿/1-1涂附-拉绒片-彩盒/锆刚玉+氧化铝钢纸磨片-彩盒.pdf,锆刚玉+氧化铝钢纸磨片-彩盒.pdf,待补充-待补充-彩盒-20251009-V1.pdf,待补充,待补充,彩盒,20251009,V1,其他,进行中,,,,28fc2907f5ae5b05e1f4fb2c3271663b006b782e5c6212298b7420663e006dac,,thumbnails/563b0c381623fee2e68c3ac20dd1a094.jpg
/Users/zhanghan/Desktop/涂覆包装-设计稿/1-2涂附-10pcs挂卡彩盒/A15-115-10pcs-NH-4518.pdf,A15-115-10pcs-NH-4518.pdf,A15-10PCS-彩盒-20250617-V1.pdf,A15,10PCS,彩盒,20250617,V1,其他,进行中,,,,023ee0c08430bff41862db2448ec4b925d7aa5858548798f1158b25cd9d7695b,DUP-014,thumbnails/976518de2b935535de85e535ce4e249f.jpg
/Users/zhanghan/Desktop/涂覆包装-设计稿/1-2涂附-10pcs挂卡彩盒/A15-125-0H-NH-4522.pdf,A15-125-0H-NH-4522.pdf,A15-125_0H-彩盒-20250617-V1.pdf,A15,125_0H,彩盒,20250617,V1,其他,进行中,,,,32b916e81f1eaaa33e4819562a9b2b2c5dcfbf0a16401ae605565471a819adad,DUP-015,thumbnails/cd4598aaae9731fd04e479325bca2d5b.jpg
/Users/zhanghan/Desktop/涂覆包装-设计稿/1-2涂附-10pcs挂卡彩盒/B-TRI3-150-NH-4517.pdf,B-TRI3-150-NH-4517.pdf,TRI3-待补充-彩盒-20250617-V1.pdf,TRI3,待补充,彩盒,20250617,V1,其他,进行中,,,,c85221082ade3de011ac0683337b2871b8f6e2602ab2c24eb55198c67d0134b7,DUP-016,thumbnails/a5d583d6697625b49a06cb800fabbdaa.jpg
/Users/zhanghan/Desktop/涂覆包装-设计稿/1-2涂附-10pcs挂卡彩盒/B25-125-NH-4507.pdf,B25-125-NH-4507.pdf,B25-待补充-彩盒-20250617-V1.pdf,B25,待补充,彩盒,20250617,V1,其他,进行中,,,,f3cb7110b8e425a08f018edf65a7b9ddbc8d25d1a6fbb1e1cc57e691975c6652,DUP-017,thumbnails/87dcbb74a6681ce8a027e62cbc656f12.jpg
/Users/zhanghan/Desktop/涂覆包装-设计稿/1-2涂附-10pcs挂卡彩盒/B25-150-15H-4501.pdf,B25-150-15H-4501.pdf,B25-150_15H-彩盒-20250617-V1.pdf,B25,150_15H,彩盒,20250617,V1,其他,进行中,,,,605326692014c27715013b524eaa274f224b8b6dabc83e7c8ec7e33694470f0f,DUP-018,thumbnails/10e17a2d8eaac0f6cb7661e7819f34c2.jpg
/Users/zhanghan/Desktop/涂覆包装-设计稿/1-2涂附-10pcs挂卡彩盒/B550-125-NH-4511.pdf,B550-125-NH-4511.pdf,B550-待补充-彩盒-20250617-V1.pdf,B550,待补充,彩盒,20250617,V1,其他,进行中,,,,8c1693e3cd3903e8fbd4cdd7680c446d63f76d82d41d55f14b0fe06fde59228c,DUP-019,thumbnails/c2f7e2f23a1347c39b07a265e6fea000.jpg
/Users/zhanghan/Desktop/涂覆包装-设计稿/1-2涂附-10pcs挂卡彩盒/B550-150-15H-4512.pdf,B550-150-15H-4512.pdf,B550-150_15H-彩盒-20250617-V1.pdf,B550,150_15H,彩盒,20250617,V1,其他,进行中,,,,ee132cce0d8389047497833c1490e3ddba17ed796324e28da302ec173ace7ec8,DUP-020,thumbnails/80c62645884d9c88071d2780aa521069.jpg
/Users/zhanghan/Desktop/涂覆包装-设计稿/1-2涂附-10pcs挂卡彩盒/B65-125-NH-4510.pdf,B65-125-NH-4510.pdf,B65-待补充-彩盒-20250617-V1.pdf,B65,待补充,彩盒,20250617,V1,其他,进行中,,,,b9f647fbbcaaed6913d6ac71f9b174ca929e8904064ebda7f7ff57dfc82ca942,DUP-021,thumbnails/d10028384c479595a5656d72be1d6278.jpg
/Users/zhanghan/Desktop/涂覆包装-设计稿/1-2涂附-10pcs挂卡彩盒/B65-150-15H-4504.pdf,B65-150-15H-4504.pdf,B65-150_15H-彩盒-20250617-V1.pdf,B65,150_15H,彩盒,20250617,V1,其他,进行中,,,,6ea57c2d1fb83a8002606448d214d76692a101e1eb111141ecebf13b252b3f62,DUP-022,thumbnails/7f4e3357ccb40cdcb832e4d3a0c9a1dd.jpg
/Users/zhanghan/Desktop/涂覆包装-设计稿/1-2涂附-10pcs挂卡彩盒/B65-225-MH-4519.pdf,B65-225-MH-4519.pdf,B65-待补充-彩盒-20250619-V1.pdf,B65,待补充,彩盒,20250619,V1,其他,进行中,,,,a459f7f40a3b9d9bebc753ade4a229b063243fa3a67c62fe4cdad806e2d03aea,,thumbnails/c41ef55f7fc268c5a40265b5c223dae6.jpg
/Users/zhanghan/Desktop/涂覆包装-设计稿/1-2涂附-10pcs挂卡彩盒/BCG10-125-NET-4508.pdf,BCG10-125-NET-4508.pdf,BCG10-待补充-彩盒-20250617-V1.pdf,BCG10,待补充,彩盒,20250617,V1,其他,进行中,,,,84831979c779f23d8c2d55f90131e11788c44fcab76ff9c1415721d4300e8041,DUP-023,thumbnails/bbbe6be63be039bdd80ecf2e507e4d55.jpg
/Users/zhanghan/Desktop/涂覆包装-设计稿/1-2涂附-10pcs挂卡彩盒/BCG10-150-NET-4503.pdf,BCG10-150-NET-4503.pdf,BCG10-待补充-彩盒-20250617-V1-DUP02.pdf,BCG10,待补充,彩盒,20250617,V1,其他,进行中,,,,da954909b26825e02285d21c53aa611c1fcb7ddbd5674d9b121c942481b22261,DUP-024,thumbnails/6b2aa02ca86f1bd21d46452a6aed680c.jpg
/Users/zhanghan/Desktop/涂覆包装-设计稿/1-2涂附-10pcs挂卡彩盒/BCG8-125-NET-4509.pdf,BCG8-125-NET-4509.pdf,BCG8-待补充-彩盒-20250617-V1.pdf,BCG8,待补充,彩盒,20250617,V1,其他,进行中,,,,e60b92b9f8e8a7eaa53541852322bc62f3b51e9d58a6ac3c9cd1b0abf9fcada5,DUP-025,thumbnails/21570c4733041c2291b3873dc392a73b.jpg
/Users/zhanghan/Desktop/涂覆包装-设计稿/1-2涂附-10pcs挂卡彩盒/BCG8-150-NET-4505.pdf,BCG8-150-NET-4505.pdf,BCG8-待补充-彩盒-20250617-V1-DUP02.pdf,BCG8,待补充,彩盒,20250617,V1,其他,进行中,,,,0a339b64a6d05c4f7b4a128ae7c236c63efe6589479f089610cf703a5e9b4b78,DUP-026,thumbnails/c89fc454d02ea9531d1365f5ccc6bb7c.jpg
/Users/zhanghan/Desktop/涂覆包装-设计稿/1-2涂附-10pcs挂卡彩盒/BDL9-125-8H-4515.pdf,BDL9-125-8H-4515.pdf,BDL9-125_8H-彩盒-20250617-V1.pdf,BDL9,125_8H,彩盒,20250617,V1,其他,进行中,,,,5a16fa7cd07ab0cf4361f9cd56422e64ab4cb9aa24183ad6ef12124fb6f672b8,DUP-027,thumbnails/b2a89386360925ed0b0eb8b8167632d1.jpg
/Users/zhanghan/Desktop/涂覆包装-设计稿/1-2涂附-10pcs挂卡彩盒/BDL9-125-NH-4514.pdf,BDL9-125-NH-4514.pdf,BDL9-待补充-彩盒-20250617-V1.pdf,BDL9,待补充,彩盒,20250617,V1,其他,进行中,,,,a5a6259a42cd68a02221972d367631214263db99f4b86d8910774a53f4ebd5b2,DUP-028,thumbnails/7551a40c5b0eec44052c9c0210879de9.jpg
/Users/zhanghan/Desktop/涂覆包装-设计稿/1-2涂附-10pcs挂卡彩盒/BDL9-150-15H-4513.pdf,BDL9-150-15H-4513.pdf,BDL9-150_15H-彩盒-20250617-V1.pdf,BDL9,150_15H,彩盒,20250617,V1,其他,进行中,,,,73328d96d6a5bb2abd12b614d4e309c6471e16cd814ce78b1d0ecf68ae8b8040,DUP-029,thumbnails/ba88b2004c1cba697a28938eba03bf93.jpg
/Users/zhanghan/Desktop/涂覆包装-设计稿/1-2涂附-10pcs挂卡彩盒/BDL9-150-MH-4502.pdf,BDL9-150-MH-4502.pdf,BDL9-待补充-彩盒-20250617-V1-DUP02.pdf,BDL9,待补充,彩盒,20250617,V1,其他,进行中,,,,2893624ea332fc7da0affb4e7a6b0cbfb09efc93e2af3178918c09775820fbbb,DUP-030,thumbnails/72ab44f07cf2d098cd677509f8a90d85.jpg
/Users/zhanghan/Desktop/涂覆包装-设计稿/1-2涂附-10pcs挂卡彩盒/BDL9-150-海绵多孔-4516.pdf,BDL9-150-海绵多孔-4516.pdf,BDL9-待补充-彩盒-20250617-V1-DUP03.pdf,BDL9,待补充,彩盒,20250617,V1,其他,进行中,,,,5afce9d6cb76170163b68267b6b2abda94acc5feaffa7c68517ce6346a750df4,DUP-031,thumbnails/ed739df1d85b382fe1c6903c85bf1618.jpg
/Users/zhanghan/Desktop/涂覆包装-设计稿/1-2涂附-10pcs挂卡彩盒/BF77 PRO-150-15H-4521.pdf,BF77 PRO-150-15H-4521.pdf,BF77-150_15H-彩盒-20250617-V1.pdf,BF77,150_15H,彩盒,20250617,V1,其他,进行中,,,,62d9a9362498b5bc1f37d704538ed6aa27eef9347a28f7785f92902b16b35b04,DUP-032,thumbnails/d064594d351cb7a38c85091e06cbb490.jpg
/Users/zhanghan/Desktop/涂覆包装-设计稿/1-2涂附-10pcs挂卡彩盒/BF78 PRO-150-15H-4520.pdf,BF78 PRO-150-15H-4520.pdf,BF78-150_15H-彩盒-20250617-V1.pdf,BF78,150_15H,彩盒,20250617,V1,其他,进行中,,,,a2031b8a08f474931b7405870389b9ed3ac03e23fda30ed5e15765d48af8e27d,DUP-033,thumbnails/077b9bae184be4d0ba4194eef0b623f2.jpg
/Users/zhanghan/Desktop/涂覆包装-设计稿/1-2涂附-10pcs挂卡彩盒/BT77-150-15H-4506.pdf,BT77-150-15H-4506.pdf,BT77-150_15H-彩盒-20250617-V1.pdf,BT77,150_15H,彩盒,20250617,V1,其他,进行中,,,,9670b16517e7bdf91eb223e2ac7827a06ec9cc695239fe0a9d14e534d3d21290,DUP-034,thumbnails/f8e13190ce358648a475fbb773c6e3b5.jpg
/Users/zhanghan/Desktop/涂覆包装-设计稿/1-2涂附-10pcs挂卡彩盒/海绵块组套-彩盒.pdf,海绵块组套-彩盒.pdf,待补充-待补充-彩盒-20250620-V1.pdf,待补充,待补充,彩盒,20250620,V1,其他,进行中,,,,33deb7e9a2aa2868c1c7bf24e9038105e06bc7e94f792c0dc5f432c186af0b37,,thumbnails/e16d6d5e9498d39cce32561c4d47017d.jpg
/Users/zhanghan/Desktop/涂覆包装-设计稿/1-4涂附-海绵类-彩盒/12pcs双面海绵彩盒 -黄色.pdf,12pcs双面海绵彩盒 -黄色.pdf,待补充-12PCS-彩盒-20251104-V1.pdf,待补充,12PCS,彩盒,20251104,V1,其他,进行中,,,,ea31dc62727f8b1ae2155834822e5e5e79937e099e0c6f21c174c45fb48e5cb9,,thumbnails/2186aa8909d05fe065a6e6cca31c974f.jpg
/Users/zhanghan/Desktop/涂覆包装-设计稿/1-4涂附-海绵类-彩盒/9pcs4面海绵彩盒-黄色.pdf,9pcs4面海绵彩盒-黄色.pdf,待补充-9PCS-彩盒-20251104-V1.pdf,待补充,9PCS,彩盒,20251104,V1,其他,进行中,,,,c26b6e05f475fe2c4e8029e0545af9e1b2c7bc04db5a477bd6c108cdb3d6917c,,thumbnails/bc6f50289c27e0e347f8d86321178f03.jpg
/Users/zhanghan/Desktop/涂覆包装-设计稿/1-4涂附-海绵类-彩盒/B-TRI3-150mm-15pcs-1个标签栏-黑白标签.pdf,B-TRI3-150mm-15pcs-1个标签栏-黑白标签.pdf,TRI3-150-标签-20250625-V1.pdf,TRI3,150,标签,20250625,V1,其他,进行中,,,,c17b95b3231a00f72cb6f5628a31d1dddfccab5f1fc50133190a7fa42db3c643,,thumbnails/e31df705ffca5d0668407aafab110f47.jpg
/Users/zhanghan/Desktop/涂覆包装-设计稿/1-4涂附-海绵类-彩盒/B-TRI3-150mm-15pcs-1个标签栏.pdf,B-TRI3-150mm-15pcs-1个标签栏.pdf,TRI3-150-标签-20230613-V1.pdf,TRI3,150,标签,20230613,V1,其他,进行中,,,,048a0775d2ed58bc2c2006e3d87e5bea28be762162cf66c07dcadb2254a92fe8,,thumbnails/e9ae18ca2869bacdd68cdce928b1f7cf.jpg
/Users/zhanghan/Desktop/涂覆包装-设计稿/1-4涂附-海绵类-彩盒/B-TRI3-150mm-15pcs-2个标签栏.pdf,B-TRI3-150mm-15pcs-2个标签栏.pdf,TRI3-150-标签-20240425-V1.pdf,TRI3,150,标签,20240425,V1,其他,进行中,,,,5a8cf49d83da3b38a8e72b876c03089e13caf882adeaf8d4b17a64591450a04e,,thumbnails/11aa7e79926b2a2f9009b1dec11d26b2.jpg
/Users/zhanghan/Desktop/涂覆包装-设计稿/1-4涂附-海绵类-彩盒/B-TRI3-3''-15PCS-电商标签.pdf,B-TRI3-3''-15PCS-电商标签.pdf,TRI3-15PCS-标签-20230811-V1.pdf,TRI3,15PCS,标签,20230811,V1,其他,进行中,,,,a18b25560cf1348dcc4292d8d0188f945e9e5e25dc9c3be41568051a2a776eb6,DUP-035,thumbnails/fc8b115a473f871cd0a9afd25c1865a5.jpg
/Users/zhanghan/Desktop/涂覆包装-设计稿/1-4涂附-海绵类-彩盒/BS03-双面海绵块-12片装-250x210x50.pdf,BS03-双面海绵块-12片装-250x210x50.pdf,BS03-250X210-彩盒-20251121-V1.pdf,BS03,250X210,彩盒,20251121,V1,其他,进行中,,,,deea1b6fd594de3b0d21e03b4d80e45da40e6cec00175abcaf83c5fa680bf991,,thumbnails/306c1442715bed73baa4a81e224afcfe.jpg
/Users/zhanghan/Desktop/涂覆包装-设计稿/1-4涂附-海绵类-彩盒/BS04-四面海绵块-9片装-310x230x40mm.pdf,BS04-四面海绵块-9片装-310x230x40mm.pdf,BS04-310X230_40-彩盒-20251121-V1.pdf,BS04,310X230_40,彩盒,20251121,V1,其他,进行中,,,,4948bf97742b7066665d14bde544214cb7ea40a850fbcfa9768608df2bceefe0,,thumbnails/4a97108850dc02e14a6dd7b226eb7908.jpg
/Users/zhanghan/Desktop/涂覆包装-设计稿/1-4涂附-海绵类-彩盒/BSR25-115X25M-彩盒-黑白标签.pdf,BSR25-115X25M-彩盒-黑白标签.pdf,BSR25-115X25_115X25M-标签-20250614-V1.pdf,BSR25,115X25_115X25M,标签,20250614,V1,其他,进行中,,,,e0b1b87e2a409c76be3bb26c4c5fb6a1cd9b571662a17c19b709b0551db19bc2,DUP-036,thumbnails/ef27cac0079520c1f4895e9ef6d8eb71.jpg
/Users/zhanghan/Desktop/涂覆包装-设计稿/1-5涂附-卷装/1“x20 '砂布卷组套-刀模图.pdf,1“x20 '砂布卷组套-刀模图.pdf,X20-待补充-刀模图-20260203-V1.pdf,X20,待补充,刀模图,20260203,V1,其他,进行中,,,,3b9241a6acfd7da8070b51885b1de06d0ea36dd46a786c5b199dba033cc130f9,DUP-037,thumbnails/6fd0ab0011a9bd38b2589574371a2817.jpg
/Users/zhanghan/Desktop/涂覆包装-设计稿/1-5涂附-卷装/1“x20'砂布卷组套-Multiroll-pack-box-260210.pdf,1“x20'砂布卷组套-Multiroll-pack-box-260210.pdf,X20-待补充-彩盒-20260210-V1.pdf,X20,待补充,彩盒,20260210,V1,其他,进行中,,,,4ebc0316bb36d3a0ce2a3b6a675d830f4850e714c556ca779e553a24e37139bf,DUP-038,thumbnails/c067eebf3cb4a2223cfecd9834e1f27e.jpg
/Users/zhanghan/Desktop/涂覆包装-设计稿/1-5涂附-卷装/A10R 115mmx10m砂纸卷彩贴-100x130mm.pdf,A10R 115mmx10m砂纸卷彩贴-100x130mm.pdf,A10R-100X130_100X130M-彩盒-20260512-V1.pdf,A10R,100X130_100X130M,彩盒,20260512,V1,其他,进行中,,,,8ecfb3cec00d1d64e0aaac04358483ac0f700fddef63f35de5893ffd0fa8af1a,,thumbnails/3095df463c72236016f80ad80a9beed0.jpg
/Users/zhanghan/Desktop/涂覆包装-设计稿/1-5涂附-卷装/B10R 115mmx10m砂纸卷彩贴-100x130mm.pdf,B10R 115mmx10m砂纸卷彩贴-100x130mm.pdf,B10R-100X130_100X130M-彩盒-20260512-V1.pdf,B10R,100X130_100X130M,彩盒,20260512,V1,其他,进行中,,,,85ebda39f370af01b484409f7f32ee4014cda6bcfcb5466a517aba747dbaf659,,thumbnails/681818982f16c95a83a0416eaeb4584d.jpg
/Users/zhanghan/Desktop/涂覆包装-设计稿/1-5涂附-卷装/B65R 115mmx10m砂纸卷彩贴-100x130mm.pdf,B65R 115mmx10m砂纸卷彩贴-100x130mm.pdf,B65R-100X130_100X130M-彩盒-20260512-V1.pdf,B65R,100X130_100X130M,彩盒,20260512,V1,其他,进行中,,,,e62a1077ebf372a7ccc26579672d7ca2707c6ff046ee12cf10bbf3755dc01b6e,,thumbnails/ede896b6a05e261897d6f59d58e0c771.jpg
/Users/zhanghan/Desktop/涂覆包装-设计稿/1-5涂附-卷装/BCG10-卷装-70mmx12m-黑白标签.pdf,BCG10-卷装-70mmx12m-黑白标签.pdf,BCG10-70X12M-标签-20240705-V1.pdf,BCG10,70X12M,标签,20240705,V1,其他,进行中,,,,c4cdf1154fc0cb6633258626dec2c1234df68270f23cb4b0a12f44ca3209b59d,DUP-039,thumbnails/5d57ec9e30810c5fbbc07337e5de93e5.jpg
/Users/zhanghan/Desktop/涂覆包装-设计稿/1-5涂附-卷装/BD8-卷装-黑白标签.pdf,BD8-卷装-黑白标签.pdf,BD8-待补充-标签-20250625-V1.pdf,BD8,待补充,标签,20250625,V1,其他,进行中,,,,dd0c65f6e310580915f16f7035223fcf373bbf4842867da1bd9100e41f5dafc8,DUP-040,thumbnails/157da01978551c926295c52061f242af.jpg
/Users/zhanghan/Desktop/涂覆包装-设计稿/1-5涂附-卷装/BDL9-V字卷-70X12-新款-黑白标签.pdf,BDL9-V字卷-70X12-新款-黑白标签.pdf,BDL9-70X12-标签-20250619-V1.pdf,BDL9,70X12,标签,20250619,V1,其他,进行中,,,新款,1ef7bf69bdc9714f81ad5d07296ee9b1da80b3c5ae556ed83635ac72a6f9bd49,DUP-041,thumbnails/eef329744d2e1fd7b566c5149eb57958.jpg
/Users/zhanghan/Desktop/涂覆包装-设计稿/1-5涂附-卷装/BRV9-V字卷-70x12mm.pdf,BRV9-V字卷-70x12mm.pdf,BRV9-70X12_70X12M-彩盒-20230616-V1.pdf,BRV9,70X12_70X12M,彩盒,20230616,V1,其他,进行中,,,,351a834fbcb9eeb83abefa8f799b5acff99f082e8241b6d751cb7ec47eb6e3e4,DUP-042,thumbnails/5b48ad376542c2b359a49416889cf020.jpg
/Users/zhanghan/Desktop/涂覆包装-设计稿/1-5涂附-卷装/BSR25-115x25-彩盒-宽度120mm正好.pdf,BSR25-115x25-彩盒-宽度120mm正好.pdf,BSR25-115X25_120-彩盒-20250620-V1.pdf,BSR25,115X25_120,彩盒,20250620,V1,其他,进行中,,,宽度120mm正好,5501f79dc04f4c99cb4bb46a7f0d25db1d71e646a05846c2684c04c91c364e30,DUP-043,thumbnails/fedd53d0e71049d341576232c06c1917.jpg
/Users/zhanghan/Desktop/涂覆包装-设计稿/1-5涂附-卷装/BSR25-115x25m-140mm偏大-黑白标签.pdf,BSR25-115x25m-140mm偏大-黑白标签.pdf,BSR25-115X25_115X25M-标签-20240516-V1.pdf,BSR25,115X25_115X25M,标签,20240516,V1,其他,进行中,,,偏大,8bcc084b3a50b858f8023ba104bf58e45acc8f7146bd754b92309272aab6906a,DUP-044,thumbnails/00ac8e44bdb06d241063b280cfe4d75a.jpg
/Users/zhanghan/Desktop/涂覆包装-设计稿/1-5涂附-卷装/BT77-V字卷-黑白标签.pdf,BT77-V字卷-黑白标签.pdf,BT77-待补充-标签-20250620-V1.pdf,BT77,待补充,标签,20250620,V1,其他,进行中,,,,11985d8a27bef78e9e182b9fc3fa762fbda819d9ea56850c12e4bfbf5ff9bd0c,DUP-011,thumbnails/c700af62676b8f6377c5f3b99f5a45cf.jpg
/Users/zhanghan/Desktop/涂覆包装-设计稿/1-5涂附-卷装/V字卷-135x75x135mm-FP设计-无齿刀线开口-紧凑版.pdf,V字卷-135x75x135mm-FP设计-无齿刀线开口-紧凑版.pdf,V字卷-135X75_135-彩盒-20260204-V1.pdf,V字卷,135X75_135,彩盒,20260204,V1,其他,进行中,,,,e4f43e0ac26ef46a00640a1298aecf4c459504fccc6ca800c49c3cb8154a91b6,DUP-045,thumbnails/52f38a55522b390ffeb103af19845ccf.jpg
/Users/zhanghan/Desktop/涂覆包装-设计稿/1-5涂附-卷装/V字卷-145x80x145-带卷轴-FP设计.pdf,V字卷-145x80x145-带卷轴-FP设计.pdf,V字卷-145X80-彩盒-20260202-V1.pdf,V字卷,145X80,彩盒,20260202,V1,其他,进行中,,,,ae9ec23b5038203b7c7c35d8e03995f37dd910e545b6a063ea8258aff7e7971a,DUP-046,thumbnails/5ff84c3750fe573db349b4aa5241f9fa.jpg
/Users/zhanghan/Desktop/涂覆包装-设计稿/1-5涂附-卷装/V字卷-带卷轴-145x80x145.pdf,V字卷-带卷轴-145x80x145.pdf,V字卷-145X80-彩盒-20260512-V1.pdf,V字卷,145X80,彩盒,20260512,V1,其他,进行中,,,,54038e8569f3f5a99b3a207bb4211bf8bce3a6010d4886a5f648d1694fafc1b7,,thumbnails/e9b08e4f6cab3209297bf3fa72219354.jpg
/Users/zhanghan/Desktop/涂覆包装-设计稿/1-5涂附-卷装/V字卷刀模图 0415.pdf,V字卷刀模图 0415.pdf,V字卷-待补充-刀模图-20250714-V1.pdf,V字卷,待补充,刀模图,20250714,V1,其他,进行中,,,,2a51fd14518101bf2afc12bc3b8b3b21623e59f882e4d983add6e88002780b12,DUP-047,thumbnails/9645dcf7e15a914077f2e3d29cf11eb2.jpg
/Users/zhanghan/Desktop/涂覆包装-设计稿/1-5涂附-卷装/手撕砂布卷彩盒-HANDY-ROLL-1X15-260330.pdf,手撕砂布卷彩盒-HANDY-ROLL-1X15-260330.pdf,手撕砂布卷-待补充-彩盒-20260330-V1.pdf,手撕砂布卷,待补充,彩盒,20260330,V1,其他,进行中,,,,506c9671471e55fa41f6ea93d00fe43d008fb8476bb632c5a7b5e53964e305a3,DUP-048,thumbnails/275d14dda4268cee13c018a624d3b061.jpg
/Users/zhanghan/Desktop/涂覆包装-设计稿/1-5涂附-卷装-彩盒/1“x20 '砂布卷组套-刀模图.pdf,1“x20 '砂布卷组套-刀模图.pdf,X20-待补充-刀模图-20260203-V1-DUP02.pdf,X20,待补充,刀模图,20260203,V1,其他,进行中,,,,3b9241a6acfd7da8070b51885b1de06d0ea36dd46a786c5b199dba033cc130f9,DUP-037,thumbnails/433019e3ff5f21156764bcb8e1843a2c.jpg
/Users/zhanghan/Desktop/涂覆包装-设计稿/1-5涂附-卷装-彩盒/1“x20'砂布卷组套-Multiroll-pack-box-260210.pdf,1“x20'砂布卷组套-Multiroll-pack-box-260210.pdf,X20-待补充-彩盒-20260210-V1-DUP02.pdf,X20,待补充,彩盒,20260210,V1,其他,进行中,,,,4ebc0316bb36d3a0ce2a3b6a675d830f4850e714c556ca779e553a24e37139bf,DUP-038,thumbnails/14812d1ac2f6b05149217f614e38001a.jpg
/Users/zhanghan/Desktop/涂覆包装-设计稿/1-5涂附-卷装-彩盒/BCG10-卷装-70mmx12m-黑白标签.pdf,BCG10-卷装-70mmx12m-黑白标签.pdf,BCG10-70X12M-标签-20240705-V1-DUP02.pdf,BCG10,70X12M,标签,20240705,V1,其他,进行中,,,,c4cdf1154fc0cb6633258626dec2c1234df68270f23cb4b0a12f44ca3209b59d,DUP-039,thumbnails/ea5bfaf6999028b3c5f6bf6edbf950d2.jpg
/Users/zhanghan/Desktop/涂覆包装-设计稿/1-5涂附-卷装-彩盒/BD8-卷装-黑白标签.pdf,BD8-卷装-黑白标签.pdf,BD8-待补充-标签-20250625-V1-DUP02.pdf,BD8,待补充,标签,20250625,V1,其他,进行中,,,,dd0c65f6e310580915f16f7035223fcf373bbf4842867da1bd9100e41f5dafc8,DUP-040,thumbnails/ade9735ac40ee18d69bb297bfa8181c4.jpg
/Users/zhanghan/Desktop/涂覆包装-设计稿/1-5涂附-卷装-彩盒/BDL9-V字卷-70X12-新款-黑白标签.pdf,BDL9-V字卷-70X12-新款-黑白标签.pdf,BDL9-70X12-标签-20250619-V1-DUP02.pdf,BDL9,70X12,标签,20250619,V1,其他,进行中,,,新款,1ef7bf69bdc9714f81ad5d07296ee9b1da80b3c5ae556ed83635ac72a6f9bd49,DUP-041,thumbnails/9cd177a002f71d360ca1855c28af77b8.jpg
/Users/zhanghan/Desktop/涂覆包装-设计稿/1-5涂附-卷装-彩盒/BRV9-V字卷-70x12mm.pdf,BRV9-V字卷-70x12mm.pdf,BRV9-70X12_70X12M-彩盒-20230616-V1-DUP02.pdf,BRV9,70X12_70X12M,彩盒,20230616,V1,其他,进行中,,,,351a834fbcb9eeb83abefa8f799b5acff99f082e8241b6d751cb7ec47eb6e3e4,DUP-042,thumbnails/d2e4d33f6009aa2f977f5560ebda55d9.jpg
/Users/zhanghan/Desktop/涂覆包装-设计稿/1-5涂附-卷装-彩盒/BSR25-115x25-彩盒-宽度120mm正好.pdf,BSR25-115x25-彩盒-宽度120mm正好.pdf,BSR25-115X25_120-彩盒-20250620-V1-DUP02.pdf,BSR25,115X25_120,彩盒,20250620,V1,其他,进行中,,,宽度120mm正好,5501f79dc04f4c99cb4bb46a7f0d25db1d71e646a05846c2684c04c91c364e30,DUP-043,thumbnails/f9c9698a6cd0a9e4711346db0c3dff9c.jpg
/Users/zhanghan/Desktop/涂覆包装-设计稿/1-5涂附-卷装-彩盒/BSR25-115x25m-140mm偏大-黑白标签.pdf,BSR25-115x25m-140mm偏大-黑白标签.pdf,BSR25-115X25_115X25M-标签-20240516-V1-DUP02.pdf,BSR25,115X25_115X25M,标签,20240516,V1,其他,进行中,,,偏大,8bcc084b3a50b858f8023ba104bf58e45acc8f7146bd754b92309272aab6906a,DUP-044,thumbnails/bee0c6c9a392c09f076e4abf7b2efe86.jpg
/Users/zhanghan/Desktop/涂覆包装-设计稿/1-5涂附-卷装-彩盒/BT77-V字卷-黑白标签.pdf,BT77-V字卷-黑白标签.pdf,BT77-待补充-标签-20250620-V1-DUP02.pdf,BT77,待补充,标签,20250620,V1,其他,进行中,,,,11985d8a27bef78e9e182b9fc3fa762fbda819d9ea56850c12e4bfbf5ff9bd0c,DUP-011,thumbnails/7f4a6cf05449a4b98f226cec5acd3c9c.jpg
/Users/zhanghan/Desktop/涂覆包装-设计稿/1-5涂附-卷装-彩盒/V字卷-135x75x135mm-FP设计-无齿刀线开口-紧凑版.pdf,V字卷-135x75x135mm-FP设计-无齿刀线开口-紧凑版.pdf,V字卷-135X75_135-彩盒-20260204-V1-DUP02.pdf,V字卷,135X75_135,彩盒,20260204,V1,其他,进行中,,,,e4f43e0ac26ef46a00640a1298aecf4c459504fccc6ca800c49c3cb8154a91b6,DUP-045,thumbnails/b42e76e7293df630c49f653d35c7c50d.jpg
/Users/zhanghan/Desktop/涂覆包装-设计稿/1-5涂附-卷装-彩盒/V字卷-145x80x145-带卷轴-FP设计.pdf,V字卷-145x80x145-带卷轴-FP设计.pdf,V字卷-145X80-彩盒-20260202-V1-DUP02.pdf,V字卷,145X80,彩盒,20260202,V1,其他,进行中,,,,ae9ec23b5038203b7c7c35d8e03995f37dd910e545b6a063ea8258aff7e7971a,DUP-046,thumbnails/f285b498a3ac94dedb3ef3100b118c2c.jpg
/Users/zhanghan/Desktop/涂覆包装-设计稿/1-5涂附-卷装-彩盒/V字卷-新包装-带卷轴-260325V1.pdf,V字卷-新包装-带卷轴-260325V1.pdf,V字卷-待补充-彩盒-20260325-V1.pdf,V字卷,待补充,彩盒,20260325,V1,其他,进行中,,,,8b66be62a9e3fa3064e594285ca2f289368cb12addfde223beeef9bddbe218ba,,thumbnails/c312bed3371710a084d3ad4be8f477e3.jpg
/Users/zhanghan/Desktop/涂覆包装-设计稿/1-5涂附-卷装-彩盒/V字卷刀模图 0415.pdf,V字卷刀模图 0415.pdf,V字卷-待补充-刀模图-20250714-V1-DUP02.pdf,V字卷,待补充,刀模图,20250714,V1,其他,进行中,,,,2a51fd14518101bf2afc12bc3b8b3b21623e59f882e4d983add6e88002780b12,DUP-047,thumbnails/8e54140e26e8a1b30204d36296ed4e38.jpg
/Users/zhanghan/Desktop/涂覆包装-设计稿/1-5涂附-卷装-彩盒/手撕砂布卷彩盒-HANDY-ROLL-1X15-260330.pdf,手撕砂布卷彩盒-HANDY-ROLL-1X15-260330.pdf,手撕砂布卷-待补充-彩盒-20260330-V1-DUP02.pdf,手撕砂布卷,待补充,彩盒,20260330,V1,其他,进行中,,,,506c9671471e55fa41f6ea93d00fe43d008fb8476bb632c5a7b5e53964e305a3,DUP-048,thumbnails/9a0ca67070a308e7e2e154d876caa9b3.jpg
/Users/zhanghan/Desktop/涂覆包装-设计稿/1-6涂附-缓冲垫 手擦板等/BAC02-150-通用孔-2PCS-20250715.pdf,BAC02-150-通用孔-2PCS-20250715.pdf,BAC02-2PCS-彩盒-20250715-V1.pdf,BAC02,2PCS,彩盒,20250715,V1,其他,进行中,,,通用,5f0607324198cb5dc822354d2e5bdac29c016c4043f6097fa811f2ec12ece47f,,thumbnails/a52ba127a6cb3c6c1eff95aa64940968.jpg
/Users/zhanghan/Desktop/涂覆包装-设计稿/1-6涂附-缓冲垫 手擦板等/FBP1-150-1PCS-20250715.pdf,FBP1-150-1PCS-20250715.pdf,FBP1-1PCS-彩盒-20250715-V1.pdf,FBP1,1PCS,彩盒,20250715,V1,其他,进行中,,,,625e082f3c1c190ac2a93440f610811cb65de59f2595fcb915f16d565d1a38f4,DUP-049,thumbnails/3795a368e54547520afbf33541eae23d.jpg
/Users/zhanghan/Desktop/涂覆包装-设计稿/1-6涂附-缓冲垫 手擦板等/横版-BD9点修+麻将块-spotcut包装 155x83x20mm.pdf,横版-BD9点修+麻将块-spotcut包装 155x83x20mm.pdf,BD9-155X83_20-彩盒-20251217-V1-DUP02.pdf,BD9,155X83_20,彩盒,20251217,V1,其他,进行中,,,,fbf627c4d346d3b57afe0edc8e73ea267dbed22a646b5d523b9591e0435ea92a,DUP-013,thumbnails/42ad52dcea2b2ac9dedb26ae5fbbd8dd.jpg
/Users/zhanghan/Desktop/涂覆包装-设计稿/1-7涂附-标签/BD8-32-500-规格标签 250714.pdf,BD8-32-500-规格标签 250714.pdf,BD8-待补充-规格标签-20250714-V1.pdf,BD8,待补充,规格标签,20250714,V1,其他,进行中,,,,4d63606d1fa8f5238fb183d4b9a80118da573b2057a76fccd870532c49bf5f38,DUP-050,thumbnails/7a653e04e6571177d0bcb2c40b447812.jpg
/Users/zhanghan/Desktop/涂覆包装-设计稿/1-7涂附-标签/中东拉绒片样品规格标签12-2.pdf,中东拉绒片样品规格标签12-2.pdf,拉绒片-待补充-规格标签-20250305-V1.pdf,拉绒片,待补充,规格标签,20250305,V1,其他,进行中,,,,f6e58f08240abfef7236265f51f5b09b7e6c6a0bf1de0569a37f23fdbfce5869,,thumbnails/bbefbe10da4b5e334f853f905287cff8.jpg
/Users/zhanghan/Desktop/涂覆包装-设计稿/1-7涂附-标签/规格标签 250630.pdf,规格标签 250630.pdf,待补充-待补充-规格标签-20250630-V1.pdf,待补充,待补充,规格标签,20250630,V1,其他,进行中,,,,0330f81c37846b4295b7deea1868353f8b2bd292e7392bf8a87796ccaa5f316c,,thumbnails/fddfe277215d1cc5bca84bab466c67bf.jpg
/Users/zhanghan/Desktop/涂覆包装-设计稿/1-8涂附-长条/70x198-70x400-V字孔STRIP-BOX-250805.pdf,70x198-70x400-V字孔STRIP-BOX-250805.pdf,待补充-70X198-70X400_70X198-彩盒-20250805-V1.pdf,待补充,70X198-70X400_70X198,彩盒,20250805,V1,其他,进行中,,,,3084b67085b36387da975274be523f14909796047da5182c73ac434234db537f,DUP-051,thumbnails/c2c603a7f0c3673c058b17a5034c2961.jpg
/Users/zhanghan/Desktop/涂覆包装-设计稿/1-8涂附-长条/80x230-BCG8长条-10pcs吊卡装-刀模图.pdf,80x230-BCG8长条-10pcs吊卡装-刀模图.pdf,BCG8-80X230-刀模图-20250707-V1.pdf,BCG8,80X230,刀模图,20250707,V1,其他,进行中,,,,ef572612740d887c6422f161df9d8bfa0f591cfa51a075d8e69511cdf3c5aab3,,thumbnails/0b168529d66b441a3cb36f6f02947d94.jpg
/Users/zhanghan/Desktop/涂覆包装-设计稿/1-8涂附-长条/BCG8-80X230-10PCS.pdf,BCG8-80X230-10PCS.pdf,BCG8-80X230-彩盒-20250711-V1.pdf,BCG8,80X230,彩盒,20250711,V1,其他,进行中,,,,f80333ce3b6b25738ba1bff807c4ec75cef2b649117c7ddcbf4746ad3ce7ceb3,DUP-052,thumbnails/2ecbcf42e055519e0bd5ee423b18d502.jpg
/Users/zhanghan/Desktop/涂覆包装-设计稿/1-8涂附-长条/BT77-70X198-70X420-25PCS-20250715.pdf,BT77-70X198-70X420-25PCS-20250715.pdf,BT77-70X198-70X420_70X198-彩盒-20250715-V1-DUP02.pdf,BT77,70X198-70X420_70X198,彩盒,20250715,V1,其他,进行中,,,,496794c360c158c61201ec9695e5b24d1cbdc399013713402b2bb7667c065135,DUP-012,thumbnails/52e47125e6bd865a42932e15d0c2f6f7.jpg
/Users/zhanghan/Desktop/涂覆包装-设计稿/1-8涂附-长条/BT77-STRIP-BOX-50PCS.pdf,BT77-STRIP-BOX-50PCS.pdf,BT77-50PCS-彩盒-20250520-V1.pdf,BT77,50PCS,彩盒,20250520,V1,其他,进行中,,,,593e336ec56a35562e84b5eba1f7891c4b81d8832e9d4d1f2adeaad093b6813d,DUP-053,thumbnails/b26909a4f17971f4263d993cc0d209cb.jpg
/Users/zhanghan/Desktop/涂覆包装-设计稿/1-8涂附-长条/BT77长条-70x420和70x200 STRIP通用彩盒设计稿.pdf,BT77长条-70x420和70x200 STRIP通用彩盒设计稿.pdf,BT77-70X420_70X200-彩盒-20250310-V1.pdf,BT77,70X420_70X200,彩盒,20250310,V1,其他,进行中,,,通用,bb315f79488d5b8c84fddc64b26e9ac06f4d8ccc6f54e9717484ef78bcb674f3,DUP-054,thumbnails/9ce35f695b1e8b977370237b8b7f7283.jpg
/Users/zhanghan/Desktop/涂覆包装-设计稿/1-8涂附-长条/刀模图-BCG8-80x230-10PCS-85x15x235mm.pdf,刀模图-BCG8-80x230-10PCS-85x15x235mm.pdf,BCG8-80X230_85X15-刀模图-20250710-V1.pdf,BCG8,80X230_85X15,刀模图,20250710,V1,其他,进行中,,,,d7756a2d04a1b1a0776699bf8ca70c9a588cc18a9c747f12882e9f190940a241,,thumbnails/2983c02eaba0e1cc57b2847516534f32.jpg
/Users/zhanghan/Desktop/涂覆包装-设计稿/1“x20'砂布卷组套-Multiroll-pack-box-260210.pdf,1“x20'砂布卷组套-Multiroll-pack-box-260210.pdf,X20-待补充-彩盒-20260210-V1-DUP03.pdf,X20,待补充,彩盒,20260210,V1,其他,进行中,,,,4ebc0316bb36d3a0ce2a3b6a675d830f4850e714c556ca779e553a24e37139bf,DUP-038,thumbnails/eaf556047e86002cf294931a2bb200e9.jpg
/Users/zhanghan/Desktop/涂覆包装-设计稿/B10_J100_A272_Sandpaper_Packaging Design_20260511.pdf,B10_J100_A272_Sandpaper_Packaging Design_20260511.pdf,B10-待补充-彩盒-20260511-V1.pdf,B10,待补充,彩盒,20260511,V1,其他,进行中,,,,1f2c9a58d91ea81ea66c00d813206b295d63cfc5d4e9aa962b6df03bb824a73e,,thumbnails/2e491ab752d83986f84aa392bd691bf3.jpg
/Users/zhanghan/Desktop/涂覆包装-设计稿/DONE/70x198-70x400-V字孔STRIP-BOX-250805.pdf,70x198-70x400-V字孔STRIP-BOX-250805.pdf,待补充-70X198-70X400_70X198-彩盒-20250805-V1-DUP02.pdf,待补充,70X198-70X400_70X198,彩盒,20250805,V1,其他,DONE,,,,3084b67085b36387da975274be523f14909796047da5182c73ac434234db537f,DUP-051,thumbnails/056f0d77cdcaf76e9f20a9ef0e92e218.jpg
/Users/zhanghan/Desktop/涂覆包装-设计稿/DONE/B65-6-15H-50PCS-FPD10031.pdf,B65-6-15H-50PCS-FPD10031.pdf,B65-15H-彩盒-20250617-V1.pdf,B65,15H,彩盒,20250617,V1,其他,DONE,FPD10031,,,79a7a0dcc84561c86919926893efa8a91907c0e807dfd9c462ed1bcdddc09f97,,thumbnails/9f56a4263c657d33a1f02dc827e33f10.jpg
/Users/zhanghan/Desktop/涂覆包装-设计稿/DONE/B65-9-多孔-50PCS-FPD10030.pdf,B65-9-多孔-50PCS-FPD10030.pdf,B65-50PCS-彩盒-20250617-V1.pdf,B65,50PCS,彩盒,20250617,V1,其他,DONE,FPD10030,,,a7f7ccf7a48ab62c24f2806642c296dfd0dc9e652701ff42e2848248a96102a2,,thumbnails/ce7daddb593de836824120c81699e7b9.jpg
/Users/zhanghan/Desktop/涂覆包装-设计稿/DONE/BCG8-6-50PCS-FPD10028.pdf,BCG8-6-50PCS-FPD10028.pdf,BCG8-50PCS-彩盒-20250620-V1.pdf,BCG8,50PCS,彩盒,20250620,V1,其他,DONE,FPD10028,,,0d4085836feacf2bd7448a6c991534092796f06e3deb1327a69d5a692c824a93,,thumbnails/2ec14ff7db026d9402cfdf03ef59e8fe.jpg
/Users/zhanghan/Desktop/涂覆包装-设计稿/DONE/BCG8-80X230-10PCS.pdf,BCG8-80X230-10PCS.pdf,BCG8-80X230-彩盒-20250711-V1-DUP02.pdf,BCG8,80X230,彩盒,20250711,V1,其他,DONE,,,,f80333ce3b6b25738ba1bff807c4ec75cef2b649117c7ddcbf4746ad3ce7ceb3,DUP-052,thumbnails/7d8c4d0dd72d8a0bd8ffa25c76347612.jpg
/Users/zhanghan/Desktop/涂覆包装-设计稿/DONE/BD8-32-500-规格标签 250714.pdf,BD8-32-500-规格标签 250714.pdf,BD8-待补充-规格标签-20250714-V1-DUP02.pdf,BD8,待补充,规格标签,20250714,V1,其他,DONE,,,,4d63606d1fa8f5238fb183d4b9a80118da573b2057a76fccd870532c49bf5f38,DUP-050,thumbnails/d01bd10f5255e9e4861e153837fec6cf.jpg
/Users/zhanghan/Desktop/涂覆包装-设计稿/DONE/BDL9-6-15H-50PCS-FPD10024.pdf,BDL9-6-15H-50PCS-FPD10024.pdf,BDL9-15H-彩盒-20250617-V1.pdf,BDL9,15H,彩盒,20250617,V1,其他,DONE,FPD10024,,,4597fb5689c7053375ef385ce12ace65f22dd3826d0ddc487bf46ad6f7590290,,thumbnails/7eee3d1826ee2faa778a9a9d0722fb2b.jpg
/Users/zhanghan/Desktop/涂覆包装-设计稿/DONE/BDL9-6-海绵多孔-20PCS-FPD10027-26V1.pdf,BDL9-6-海绵多孔-20PCS-FPD10027-26V1.pdf,BDL9-20PCS-彩盒-20260416-V1.pdf,BDL9,20PCS,彩盒,20260416,V1,其他,DONE,FPD10027,,,db04dfff67edb8ce735b9b7f7374f015134ec89082ce17cd41ffe98f583d403d,,thumbnails/28b4e79f1998bbe1371602a85d1cf557.jpg
/Users/zhanghan/Desktop/涂覆包装-设计稿/DONE/BDL9-6-海绵多孔-20PCS-FPD10027.pdf,BDL9-6-海绵多孔-20PCS-FPD10027.pdf,BDL9-20PCS-彩盒-20250617-V1.pdf,BDL9,20PCS,彩盒,20250617,V1,其他,DONE,FPD10027,,,5658016ede619d7b6ee7f969a02c7219f4ee6dda493006ffe5e31c41c933d166,DUP-005,thumbnails/f0658c96280384917cf6a68592a970ec.jpg
/Users/zhanghan/Desktop/涂覆包装-设计稿/DONE/BDL9-70X12-VROLL-FPD10013.pdf,BDL9-70X12-VROLL-FPD10013.pdf,BDL9-70X12-彩盒-20250619-V1.pdf,BDL9,70X12,彩盒,20250619,V1,其他,DONE,FPD10013,,,1ef7bf69bdc9714f81ad5d07296ee9b1da80b3c5ae556ed83635ac72a6f9bd49,DUP-041,thumbnails/01c38e9754863ca61e324ea2ee8a0dd6.jpg
/Users/zhanghan/Desktop/涂覆包装-设计稿/DONE/BF77PRO-6-15H-50PCS-FPD10026.pdf,BF77PRO-6-15H-50PCS-FPD10026.pdf,BF77PRO-15H-彩盒-20250617-V1.pdf,BF77PRO,15H,彩盒,20250617,V1,其他,DONE,FPD10026,,,cdf0df68f1aeebcaca5b3acf14479350d6de209be6d2de26477a3c46fb0cfe50,DUP-006,thumbnails/7b1b09e7aeed69ca399bd87838cfe4d6.jpg
/Users/zhanghan/Desktop/涂覆包装-设计稿/DONE/BF78PRO-6-15H-50PCS-FPD10025.pdf,BF78PRO-6-15H-50PCS-FPD10025.pdf,BF78PRO-15H-彩盒-20250617-V1-DUP02.pdf,BF78PRO,15H,彩盒,20250617,V1,其他,DONE,FPD10025,,,3e16ca3c7c6c3feeb7576793be67ac0e8f5a2e9ca8eefc116db191caf97e5e9c,DUP-007,thumbnails/e390f0a54c642bee929f3ff487c56156.jpg
/Users/zhanghan/Desktop/涂覆包装-设计稿/DONE/BS03_BS04-20-MIX-FPD10029.pdf,BS03_BS04-20-MIX-FPD10029.pdf,BS03-待补充-彩盒-20250909-V1.pdf,BS03,待补充,彩盒,20250909,V1,其他,DONE,FPD10029,,,e5c7540cd6a213528031c4fe8459e0a282378e1eacff3a3054926b45cbb4591f,,thumbnails/37e4951e81cfcb077e7f910161f97d80.jpg
/Users/zhanghan/Desktop/涂覆包装-设计稿/DONE/BSR25-115X25M-彩盒-20250613.pdf,BSR25-115X25M-彩盒-20250613.pdf,BSR25-115X25_115X25M-彩盒-20250613-V1.pdf,BSR25,115X25_115X25M,彩盒,20250613,V1,其他,DONE,,,,e0b1b87e2a409c76be3bb26c4c5fb6a1cd9b571662a17c19b709b0551db19bc2,DUP-036,thumbnails/4aa576bbfed3d2de27f12fc685a8ab8b.jpg
/Users/zhanghan/Desktop/涂覆包装-设计稿/DONE/BT77-150MM-15H-50PCS-250704.pdf,BT77-150MM-15H-50PCS-250704.pdf,BT77-150_15H-彩盒-20250704-V1.pdf,BT77,150_15H,彩盒,20250704,V1,其他,DONE,,,,f3b788766c160599fab68b128ff6abdc19ba0479b26cb6e75b45b3f619c774bb,DUP-009,thumbnails/135f313f8765599957892dc902096ab2.jpg
/Users/zhanghan/Desktop/涂覆包装-设计稿/DONE/BT77-70X12-VROLL-FPD10032.pdf,BT77-70X12-VROLL-FPD10032.pdf,BT77-70X12-彩盒-20250620-V1-DUP02.pdf,BT77,70X12,彩盒,20250620,V1,其他,DONE,FPD10032,,,11985d8a27bef78e9e182b9fc3fa762fbda819d9ea56850c12e4bfbf5ff9bd0c,DUP-011,thumbnails/c56b3ef848e198db8c6546d2256a0e89.jpg
/Users/zhanghan/Desktop/涂覆包装-设计稿/DONE/BT77-STRIP-BOX-50PCS.pdf,BT77-STRIP-BOX-50PCS.pdf,BT77-50PCS-彩盒-20250520-V1-DUP02.pdf,BT77,50PCS,彩盒,20250520,V1,其他,DONE,,,,593e336ec56a35562e84b5eba1f7891c4b81d8832e9d4d1f2adeaad093b6813d,DUP-053,thumbnails/cf8c49713551b34697f40ed65beca155.jpg
/Users/zhanghan/Desktop/涂覆包装-设计稿/DONE/FT77-150-激光孔-50pcs-规格标签.pdf,FT77-150-激光孔-50pcs-规格标签.pdf,FT77-50PCS-规格标签-20250704-V1.pdf,FT77,50PCS,规格标签,20250704,V1,其他,DONE,,,,9da206393e2942402a356423cb067d31b51b0e9f419cb5ed7f64c78152e7b5d0,,thumbnails/2a1a34a664e84e7a64eae9a17b4d3b54.jpg
/Users/zhanghan/Desktop/涂覆包装-设计稿/DONE/挂卡彩盒/A15-115-NH-4518.pdf,A15-115-NH-4518.pdf,A15-待补充-彩盒-20250617-V1.pdf,A15,待补充,彩盒,20250617,V1,其他,DONE,,,,023ee0c08430bff41862db2448ec4b925d7aa5858548798f1158b25cd9d7695b,DUP-014,thumbnails/930dd5c4b139f7aa414ad46f34e2095c.jpg
/Users/zhanghan/Desktop/涂覆包装-设计稿/DONE/挂卡彩盒/A15-125-NH-4522.pdf,A15-125-NH-4522.pdf,A15-待补充-彩盒-20250617-V1-DUP02.pdf,A15,待补充,彩盒,20250617,V1,其他,DONE,,,,32b916e81f1eaaa33e4819562a9b2b2c5dcfbf0a16401ae605565471a819adad,DUP-015,thumbnails/120fe359eda1d424962189d0b1b850cc.jpg
/Users/zhanghan/Desktop/涂覆包装-设计稿/DONE/挂卡彩盒/B-TRI3-150-NH-4517.pdf,B-TRI3-150-NH-4517.pdf,TRI3-待补充-彩盒-20250617-V1-DUP02.pdf,TRI3,待补充,彩盒,20250617,V1,其他,DONE,,,,c85221082ade3de011ac0683337b2871b8f6e2602ab2c24eb55198c67d0134b7,DUP-016,thumbnails/3dcb9616182456c1c995c31464ee9048.jpg
/Users/zhanghan/Desktop/涂覆包装-设计稿/DONE/挂卡彩盒/B25-125-NH-4507.pdf,B25-125-NH-4507.pdf,B25-待补充-彩盒-20250617-V1-DUP02.pdf,B25,待补充,彩盒,20250617,V1,其他,DONE,,,,f3cb7110b8e425a08f018edf65a7b9ddbc8d25d1a6fbb1e1cc57e691975c6652,DUP-017,thumbnails/617583533d0b32204117fd4b33c4b147.jpg
/Users/zhanghan/Desktop/涂覆包装-设计稿/DONE/挂卡彩盒/B25-150-15H-4501.pdf,B25-150-15H-4501.pdf,B25-150_15H-彩盒-20250617-V1-DUP02.pdf,B25,150_15H,彩盒,20250617,V1,其他,DONE,,,,605326692014c27715013b524eaa274f224b8b6dabc83e7c8ec7e33694470f0f,DUP-018,thumbnails/cdd49cb25caf54e37fb21528fbdab8f3.jpg
/Users/zhanghan/Desktop/涂覆包装-设计稿/DONE/挂卡彩盒/B550-125-NH-4511.pdf,B550-125-NH-4511.pdf,B550-待补充-彩盒-20250617-V1-DUP02.pdf,B550,待补充,彩盒,20250617,V1,其他,DONE,,,,8c1693e3cd3903e8fbd4cdd7680c446d63f76d82d41d55f14b0fe06fde59228c,DUP-019,thumbnails/7b523340bea79f43658b365cca0298f1.jpg
/Users/zhanghan/Desktop/涂覆包装-设计稿/DONE/挂卡彩盒/B550-150-15H-4512.pdf,B550-150-15H-4512.pdf,B550-150_15H-彩盒-20250617-V1-DUP02.pdf,B550,150_15H,彩盒,20250617,V1,其他,DONE,,,,ee132cce0d8389047497833c1490e3ddba17ed796324e28da302ec173ace7ec8,DUP-020,thumbnails/b6d2d4c572b071d88ef207172df67afb.jpg
/Users/zhanghan/Desktop/涂覆包装-设计稿/DONE/挂卡彩盒/B65-125-NH-4510.pdf,B65-125-NH-4510.pdf,B65-待补充-彩盒-20250617-V1-DUP02.pdf,B65,待补充,彩盒,20250617,V1,其他,DONE,,,,b9f647fbbcaaed6913d6ac71f9b174ca929e8904064ebda7f7ff57dfc82ca942,DUP-021,thumbnails/cbb39fae5e29ff99461eca6a0ccb2a8b.jpg
/Users/zhanghan/Desktop/涂覆包装-设计稿/DONE/挂卡彩盒/B65-150-15H-4504.pdf,B65-150-15H-4504.pdf,B65-150_15H-彩盒-20250617-V1-DUP02.pdf,B65,150_15H,彩盒,20250617,V1,其他,DONE,,,,6ea57c2d1fb83a8002606448d214d76692a101e1eb111141ecebf13b252b3f62,DUP-022,thumbnails/5313bcff019fcf235c3d9a6139dbe893.jpg
/Users/zhanghan/Desktop/涂覆包装-设计稿/DONE/挂卡彩盒/B65-225-MH-4519.pdf,B65-225-MH-4519.pdf,B65-待补充-彩盒-20250617-V1-DUP03.pdf,B65,待补充,彩盒,20250617,V1,其他,DONE,,,,273fb83d72e8a7d1bc1a39362531a68cb88302fc11a1b2770d431a2dd44ebac6,,thumbnails/9a17266af8535ffb05e3f887f45346a7.jpg
/Users/zhanghan/Desktop/涂覆包装-设计稿/DONE/挂卡彩盒/BCG10-125-NET-4508.pdf,BCG10-125-NET-4508.pdf,BCG10-待补充-彩盒-20250617-V1-DUP03.pdf,BCG10,待补充,彩盒,20250617,V1,其他,DONE,,,,84831979c779f23d8c2d55f90131e11788c44fcab76ff9c1415721d4300e8041,DUP-023,thumbnails/b816b3509bdc61f55ac2abd653cb8b02.jpg
/Users/zhanghan/Desktop/涂覆包装-设计稿/DONE/挂卡彩盒/BCG10-150-NET-4503.pdf,BCG10-150-NET-4503.pdf,BCG10-待补充-彩盒-20250617-V1-DUP04.pdf,BCG10,待补充,彩盒,20250617,V1,其他,DONE,,,,da954909b26825e02285d21c53aa611c1fcb7ddbd5674d9b121c942481b22261,DUP-024,thumbnails/26870573f3ab4af7f485a9f8bdcaf3fc.jpg
/Users/zhanghan/Desktop/涂覆包装-设计稿/DONE/挂卡彩盒/BCG8-125-NET-4509.pdf,BCG8-125-NET-4509.pdf,BCG8-待补充-彩盒-20250617-V1-DUP03.pdf,BCG8,待补充,彩盒,20250617,V1,其他,DONE,,,,e60b92b9f8e8a7eaa53541852322bc62f3b51e9d58a6ac3c9cd1b0abf9fcada5,DUP-025,thumbnails/c4f78121560f8ca915bc691cc32e9d4a.jpg
/Users/zhanghan/Desktop/涂覆包装-设计稿/DONE/挂卡彩盒/BCG8-150-NET-4505.pdf,BCG8-150-NET-4505.pdf,BCG8-待补充-彩盒-20250617-V1-DUP04.pdf,BCG8,待补充,彩盒,20250617,V1,其他,DONE,,,,0a339b64a6d05c4f7b4a128ae7c236c63efe6589479f089610cf703a5e9b4b78,DUP-026,thumbnails/03ba7cb2f6baa9370acfd48ca7dbadef.jpg
/Users/zhanghan/Desktop/涂覆包装-设计稿/DONE/挂卡彩盒/BDL9-125-8H-4515.pdf,BDL9-125-8H-4515.pdf,BDL9-125_8H-彩盒-20250617-V1-DUP02.pdf,BDL9,125_8H,彩盒,20250617,V1,其他,DONE,,,,5a16fa7cd07ab0cf4361f9cd56422e64ab4cb9aa24183ad6ef12124fb6f672b8,DUP-027,thumbnails/20a3e943df2c04785aaf3bf67c077afc.jpg
/Users/zhanghan/Desktop/涂覆包装-设计稿/DONE/挂卡彩盒/BDL9-125-NH-4514.pdf,BDL9-125-NH-4514.pdf,BDL9-待补充-彩盒-20250617-V1-DUP04.pdf,BDL9,待补充,彩盒,20250617,V1,其他,DONE,,,,a5a6259a42cd68a02221972d367631214263db99f4b86d8910774a53f4ebd5b2,DUP-028,thumbnails/d4d6e7371b6065184feb91f323b23bb2.jpg
/Users/zhanghan/Desktop/涂覆包装-设计稿/DONE/挂卡彩盒/BDL9-150-15H-4513.pdf,BDL9-150-15H-4513.pdf,BDL9-150_15H-彩盒-20250617-V1-DUP02.pdf,BDL9,150_15H,彩盒,20250617,V1,其他,DONE,,,,73328d96d6a5bb2abd12b614d4e309c6471e16cd814ce78b1d0ecf68ae8b8040,DUP-029,thumbnails/9c7af673219bf09a536843ec3db90216.jpg
/Users/zhanghan/Desktop/涂覆包装-设计稿/DONE/挂卡彩盒/BDL9-150-MH-4502.pdf,BDL9-150-MH-4502.pdf,BDL9-待补充-彩盒-20250617-V1-DUP05.pdf,BDL9,待补充,彩盒,20250617,V1,其他,DONE,,,,2893624ea332fc7da0affb4e7a6b0cbfb09efc93e2af3178918c09775820fbbb,DUP-030,thumbnails/26a4a2673cb3f02392ae19ec84b92f07.jpg
/Users/zhanghan/Desktop/涂覆包装-设计稿/DONE/挂卡彩盒/BDL9-150-海绵多孔-4516.pdf,BDL9-150-海绵多孔-4516.pdf,BDL9-待补充-彩盒-20250617-V1-DUP06.pdf,BDL9,待补充,彩盒,20250617,V1,其他,DONE,,,,5afce9d6cb76170163b68267b6b2abda94acc5feaffa7c68517ce6346a750df4,DUP-031,thumbnails/2741d06af9715007e0a6c4bd00fad399.jpg
/Users/zhanghan/Desktop/涂覆包装-设计稿/DONE/挂卡彩盒/BF77-150-15H-4521.pdf,BF77-150-15H-4521.pdf,BF77-150_15H-彩盒-20250617-V1-DUP02.pdf,BF77,150_15H,彩盒,20250617,V1,其他,DONE,,,,62d9a9362498b5bc1f37d704538ed6aa27eef9347a28f7785f92902b16b35b04,DUP-032,thumbnails/b30eba8d05bcbdf7afffd10f7d0db540.jpg
/Users/zhanghan/Desktop/涂覆包装-设计稿/DONE/挂卡彩盒/BF78PRO-150-15H-4520.pdf,BF78PRO-150-15H-4520.pdf,BF78PRO-150_15H-彩盒-20250617-V1.pdf,BF78PRO,150_15H,彩盒,20250617,V1,其他,DONE,,,,a2031b8a08f474931b7405870389b9ed3ac03e23fda30ed5e15765d48af8e27d,DUP-033,thumbnails/73686a2e23c2958b2fadd717e310b264.jpg
/Users/zhanghan/Desktop/涂覆包装-设计稿/DONE/挂卡彩盒/BT77-150-15H-4506.pdf,BT77-150-15H-4506.pdf,BT77-150_15H-彩盒-20250617-V1-DUP02.pdf,BT77,150_15H,彩盒,20250617,V1,其他,DONE,,,,9670b16517e7bdf91eb223e2ac7827a06ec9cc695239fe0a9d14e534d3d21290,DUP-034,thumbnails/fa577c39c41d66ba7e1d7743e598087e.jpg
/Users/zhanghan/Desktop/涂覆包装-设计稿/DONE 商超/A15-115-8H-5PCS-250722.pdf,A15-115-8H-5PCS-250722.pdf,A15-115_8H-彩盒-20250722-V1.pdf,A15,115_8H,彩盒,20250722,V1,商超,DONE,,,,889c0245f16695030172326d53e4296c42bf1c6a36e5cff792e13c906f3ca406,,thumbnails/5bd174ee8f8338e5c9f756419898674b.jpg
/Users/zhanghan/Desktop/涂覆包装-设计稿/DONE 商超/A15-125-8H-20PCS-250722.pdf,A15-125-8H-20PCS-250722.pdf,A15-125_8H-彩盒-20250722-V1.pdf,A15,125_8H,彩盒,20250722,V1,商超,DONE,,,,714ad1a15b0700f79dbc5c43b10c1586c917e8315557683922646883e016ffab,,thumbnails/c387d308fd59ab1545f9c8dd67c7f7c3.jpg
/Users/zhanghan/Desktop/涂覆包装-设计稿/DONE 商超/A15-125-8H-5PCS-250722.pdf,A15-125-8H-5PCS-250722.pdf,A15-125_8H-彩盒-20250722-V1-DUP02.pdf,A15,125_8H,彩盒,20250722,V1,商超,DONE,,,,202024751cd2f471a3e93b29338500c1144c7bef2c944fe0b4bbbdbffe8a3c9e,,thumbnails/9eefb5adb825a27a3f5722cedbbf99b5.jpg
/Users/zhanghan/Desktop/涂覆包装-设计稿/DONE 商超/A15-150-15H-混装20PCS-250807.pdf,A15-150-15H-混装20PCS-250807.pdf,A15-150_15H-彩盒-20250807-V1.pdf,A15,150_15H,彩盒,20250807,V1,商超,DONE,,,混装,6eef29eb8e3b92f8d82a57bc8a702ec7a3aae7fcadcb21e407a9ee37331d138a,,thumbnails/aa9b92ec76eee28ebd9efe29fea9a027.jpg
/Users/zhanghan/Desktop/涂覆包装-设计稿/DONE 商超/A15-150-15H-混装25PCS-250722.pdf,A15-150-15H-混装25PCS-250722.pdf,A15-150_15H-彩盒-20250722-V1.pdf,A15,150_15H,彩盒,20250722,V1,商超,DONE,,,混装,7a77f7da28b9457d36880f776c58f74562316224133fef47a1d70769be26f1c7,,thumbnails/9aec9f7d506bf924855e15674856b365.jpg
/Users/zhanghan/Desktop/涂覆包装-设计稿/DONE 商超/A15-150-6H-混装25PCS-250722.pdf,A15-150-6H-混装25PCS-250722.pdf,A15-150_6H-彩盒-20250722-V1.pdf,A15,150_6H,彩盒,20250722,V1,商超,DONE,,,混装,98682f4409c14f524d08da5046538e19b953c40e07b656d2f1a005581d1a0dea,,thumbnails/029db8c893205d54b0cbda46fc0faad2.jpg
/Users/zhanghan/Desktop/涂覆包装-设计稿/DONE 商超/A15-225-9H-20PCS-250807.pdf,A15-225-9H-20PCS-250807.pdf,A15-225_9H-彩盒-20250807-V1.pdf,A15,225_9H,彩盒,20250807,V1,商超,DONE,,,,79335716c49f09e1310581faf7fdaf4ee231cf0617509487c6bd4770319fc787,,thumbnails/1cd0bb38414ccd80cd0e8d519bd9d91a.jpg
/Users/zhanghan/Desktop/涂覆包装-设计稿/DONE 商超/A15-225-9H-25PCS-250722.pdf,A15-225-9H-25PCS-250722.pdf,A15-225_9H-彩盒-20250722-V1.pdf,A15,225_9H,彩盒,20250722,V1,商超,DONE,,,,05bfd73e238b699644090bf4c4b25d65a2a65e24c2bd5c75ec341d550d3f0e31,,thumbnails/4a4481fdb66f6c4d653f7ce14d885815.jpg
/Users/zhanghan/Desktop/涂覆包装-设计稿/DONE 商超/A15-225-9H-5PCS-250722.pdf,A15-225-9H-5PCS-250722.pdf,A15-225_9H-彩盒-20250722-V1-DUP02.pdf,A15,225_9H,彩盒,20250722,V1,商超,DONE,,,,8e07e9895ff2b8ecfebc1ddef6cb32541dea433409d61e8578f719fe99dc789d,,thumbnails/bb14f76ecfdfbf79936329d2af924f4d.jpg
/Users/zhanghan/Desktop/涂覆包装-设计稿/DONE 商超/B15-125-8H-20PCS-250722.pdf,B15-125-8H-20PCS-250722.pdf,B15-125_8H-彩盒-20250722-V1.pdf,B15,125_8H,彩盒,20250722,V1,商超,DONE,,,,fa71f7cd0242dcb8f7d5ad11c53a033e7015bb77129e109680ad5150b757e339,,thumbnails/bfb636da7d71d9ad63c25783ef9ac80a.jpg
/Users/zhanghan/Desktop/涂覆包装-设计稿/DONE 商超/B15-125-8H-单混25PCS-250722.pdf,B15-125-8H-单混25PCS-250722.pdf,B15-125_8H-彩盒-20250722-V1-DUP02.pdf,B15,125_8H,彩盒,20250722,V1,商超,DONE,,,单混,ccca87cdf63255850b1700588790cf69f014daf75047a96833c1560e116838bc,,thumbnails/49de94a4ab9715e5407e38ef11e0b444.jpg
/Users/zhanghan/Desktop/涂覆包装-设计稿/DONE 商超/B15-150-15H-混装25PCS-250722.pdf,B15-150-15H-混装25PCS-250722.pdf,B15-150_15H-彩盒-20250722-V1.pdf,B15,150_15H,彩盒,20250722,V1,商超,DONE,,,混装,527a413e757f4c2b094661c285a5652b935ead96412286376524611b1a300a73,,thumbnails/f7d0a559fa0e3fb4c68c24d570e864a9.jpg
/Users/zhanghan/Desktop/涂覆包装-设计稿/DONE 商超/B15-150-6H-混装25PCS-250722.pdf,B15-150-6H-混装25PCS-250722.pdf,B15-150_6H-彩盒-20250722-V1.pdf,B15,150_6H,彩盒,20250722,V1,商超,DONE,,,混装,cb5637834472bb6e1937846c2a674c7893299969131fa2fd331d88a5d4c4474c,,thumbnails/208e187d3d5523d51b5c62360fb31a4e.jpg
/Users/zhanghan/Desktop/涂覆包装-设计稿/DONE 商超/B15-225-9H-20PCS-250807.pdf,B15-225-9H-20PCS-250807.pdf,B15-225_9H-彩盒-20250807-V1.pdf,B15,225_9H,彩盒,20250807,V1,商超,DONE,,,,6076b87adf6ea3b6db8cbab977a63547ae7635a2d0fc2dbaf6e15f5de27c8900,,thumbnails/c9c0d808217d8d70624c4f74c7ed827e.jpg
/Users/zhanghan/Desktop/涂覆包装-设计稿/DONE 商超/B15-225-9H-25PCS-250722.pdf,B15-225-9H-25PCS-250722.pdf,B15-225_9H-彩盒-20250722-V1.pdf,B15,225_9H,彩盒,20250722,V1,商超,DONE,,,,f600d03b7da6a3f6f4dc87f0ab36ac7157d632ea9e7074148a7cd567f3ccaddf,,thumbnails/6c0488ccfddeb1aa3860e49e09528e88.jpg
/Users/zhanghan/Desktop/涂覆包装-设计稿/DONE 商超/B15-225-9H-5PCS-250722.pdf,B15-225-9H-5PCS-250722.pdf,B15-225_9H-彩盒-20250722-V1-DUP02.pdf,B15,225_9H,彩盒,20250722,V1,商超,DONE,,,,775f2bd79ca9f2e14785445f32ca951ae7fa25f4eb038a84b31af8d2c2457784,,thumbnails/2bbee69af15f2de67d1ba939d183fbd7.jpg
/Users/zhanghan/Desktop/涂覆包装-设计稿/DONE 商超/B38-125-8H-20PCS-250722.pdf,B38-125-8H-20PCS-250722.pdf,B38-125_8H-彩盒-20250722-V1.pdf,B38,125_8H,彩盒,20250722,V1,商超,DONE,,,,bc0fa6b7ce1bb0a81c29df00065b75e372304d6da2f13a4c405359da72ad9c9d,,thumbnails/99f0c21cfa7bc8340701f926d93cd000.jpg
/Users/zhanghan/Desktop/涂覆包装-设计稿/DONE 商超/B38-125-8H-25PCS-250722.pdf,B38-125-8H-25PCS-250722.pdf,B38-125_8H-彩盒-20250722-V1-DUP02.pdf,B38,125_8H,彩盒,20250722,V1,商超,DONE,,,,24d8a30f7f52e13cf1ccc75fd29b5e7cc82889202dc3561a1e593d01c9719ec0,,thumbnails/2c5233546b1a27d43eab4a85335163b8.jpg
/Users/zhanghan/Desktop/涂覆包装-设计稿/DONE 商超/B38-225-9H-5PCS-250722.pdf,B38-225-9H-5PCS-250722.pdf,B38-225_9H-彩盒-20250722-V1.pdf,B38,225_9H,彩盒,20250722,V1,商超,DONE,,,,3ae21b320a26a13dabd78756d775c6a86b2e2aa4eb44094a18a58f5d61c07848,,thumbnails/3b44e4d975102c813a279bf2b58f9c1d.jpg
/Users/zhanghan/Desktop/涂覆包装-设计稿/DONE 商超/B65-125-8H-20PCS-250722.pdf,B65-125-8H-20PCS-250722.pdf,B65-125_8H-彩盒-20250722-V1.pdf,B65,125_8H,彩盒,20250722,V1,商超,DONE,,,,bbdcf9791010816376db50311fbd8a0629a6d925ec4f0b301aaa7cdd613d6b5c,,thumbnails/2018add2f7608ba9ed24fb9fd7939d53.jpg
/Users/zhanghan/Desktop/涂覆包装-设计稿/DONE 商超/B65-125-8H-单混25PCS-250722.pdf,B65-125-8H-单混25PCS-250722.pdf,B65-125_8H-彩盒-20250722-V1-DUP02.pdf,B65,125_8H,彩盒,20250722,V1,商超,DONE,,,单混,327ab69430cbb3fbeb53913dfb891f1c73f310ceb7c8b92d94b2e7db51ed92e2,,thumbnails/ca9572187440155fc925ff116fbf316c.jpg
/Users/zhanghan/Desktop/涂覆包装-设计稿/DONE 商超/B65-150-15H-混装25PCS-250722.pdf,B65-150-15H-混装25PCS-250722.pdf,B65-150_15H-彩盒-20250722-V1.pdf,B65,150_15H,彩盒,20250722,V1,商超,DONE,,,混装,543a29ca0545272ac01d7826ac3625020874ae75e85c6f315376454c9cd5a548,,thumbnails/ffa482189c7ef3bffe5b084e472b15fc.jpg
/Users/zhanghan/Desktop/涂覆包装-设计稿/DONE 商超/B65-150-6H-混装25PCS-250722.pdf,B65-150-6H-混装25PCS-250722.pdf,B65-150_6H-彩盒-20250722-V1.pdf,B65,150_6H,彩盒,20250722,V1,商超,DONE,,,混装,44e42975d64f05d0f861f0eaa8d415520d5a96e3c91801260f172b7ba5d6581f,,thumbnails/479807b3568502a355a9920b92c7187b.jpg
/Users/zhanghan/Desktop/涂覆包装-设计稿/DONE 商超/B65-225-9H-20PCS-250807.pdf,B65-225-9H-20PCS-250807.pdf,B65-225_9H-彩盒-20250807-V1.pdf,B65,225_9H,彩盒,20250807,V1,商超,DONE,,,,6f5b9b4b9b241901e0dc632c0758b5d52c4c4b42ea563e2172c22ab4590e1c63,,thumbnails/1a5a6ec4a2449c9f1dd3651512d07ac7.jpg
/Users/zhanghan/Desktop/涂覆包装-设计稿/DONE 商超/B65-225-9H-25PCS-250722.pdf,B65-225-9H-25PCS-250722.pdf,B65-225_9H-彩盒-20250722-V1.pdf,B65,225_9H,彩盒,20250722,V1,商超,DONE,,,,8eab8bfdc6da3c0ff9cfd8ebc25b95efcbe648e745c3b875b0a73a1a24743eec,,thumbnails/c981204416f9ceb409a70c52ab7542c2.jpg
/Users/zhanghan/Desktop/涂覆包装-设计稿/DONE 商超/B65-225-9H-5PCS-250722.pdf,B65-225-9H-5PCS-250722.pdf,B65-225_9H-彩盒-20250722-V1-DUP02.pdf,B65,225_9H,彩盒,20250722,V1,商超,DONE,,,,ef5b8c0f64f11c58593b60f8c49f2aaab04b989bb363fcf46139be5acd6b97ea,,thumbnails/e45a442c4adc5250d0425513ea6976b4.jpg
/Users/zhanghan/Desktop/涂覆包装-设计稿/DONE 商超/BCG7-225-BLACKMESH-5PCS-250820.pdf,BCG7-225-BLACKMESH-5PCS-250820.pdf,BCG7-5PCS-彩盒-20250820-V1.pdf,BCG7,5PCS,彩盒,20250820,V1,商超,DONE,,,,014478ac0f9e8f45c19674b1a51c6211ef5180002c9ccdda0c0bdcfc2e55ffb5,,thumbnails/49882c92f7260cb383b342c2b322bf59.jpg
/Users/zhanghan/Desktop/涂覆包装-设计稿/DONE 商超/吸塑彩贴/A15-125-8H-250819.pdf,A15-125-8H-250819.pdf,A15-125_8H-彩盒-20250819-V1.pdf,A15,125_8H,彩盒,20250819,V1,商超,DONE,,,,c91c0fc488ca698f7181b64938bd91cff90f396c33b5f2eebc45b81467f46439,,thumbnails/7f0ee29aa0acebb6dfbf8624e7be7d94.jpg
/Users/zhanghan/Desktop/涂覆包装-设计稿/DONE 商超/吸塑彩贴/B15-125-0H-250819.pdf,B15-125-0H-250819.pdf,B15-125_0H-彩盒-20250819-V1.pdf,B15,125_0H,彩盒,20250819,V1,商超,DONE,,,,da8c4274f0c8fae84257dd7b303383069a08cb0401f5c5131f6b8515370ced75,,thumbnails/6891ad57e3e6ceb1c5e5c6a0e8253128.jpg
/Users/zhanghan/Desktop/涂覆包装-设计稿/DONE 商超/吸塑彩贴/B15-125-8H-250819.pdf,B15-125-8H-250819.pdf,B15-125_8H-彩盒-20250819-V1.pdf,B15,125_8H,彩盒,20250819,V1,商超,DONE,,,,c6b93f8ac495a919ebcf00154a2efd850ad00ec2cad029d30289fa308e1e5260,,thumbnails/1d08f46cdf5098faecc1f6588a4e0c7d.jpg
/Users/zhanghan/Desktop/涂覆包装-设计稿/DONE 商超/吸塑彩贴/B15-225-9H-25PCS-250819.pdf,B15-225-9H-25PCS-250819.pdf,B15-225_9H-彩盒-20250819-V1.pdf,B15,225_9H,彩盒,20250819,V1,商超,DONE,,,,e142ac253f9add88158e251bf44563f3485c6c73281c24eb235c33e46ad950d6,,thumbnails/99465cb114ed352b67643f8acc018f10.jpg
/Users/zhanghan/Desktop/涂覆包装-设计稿/DONE 商超/吸塑彩贴/B38C-125-0H-250819.pdf,B38C-125-0H-250819.pdf,B38C-125_0H-彩盒-20250819-V1.pdf,B38C,125_0H,彩盒,20250819,V1,商超,DONE,,,,a0f299cf291717be6cb75464db5baa1cf9a53c474ed15bca843cfda1fa4f293a,,thumbnails/a5fe8f81ea8d4084c6a63eed17b81f03.jpg
/Users/zhanghan/Desktop/涂覆包装-设计稿/DONE 商超/吸塑彩贴/B38C-125-8H-250819.pdf,B38C-125-8H-250819.pdf,B38C-125_8H-彩盒-20250819-V1.pdf,B38C,125_8H,彩盒,20250819,V1,商超,DONE,,,,f823cc5d15f4cab3584199592afbaa718daf2539f57ae19a893272e87a6b9457,,thumbnails/8d08a9c68dda5d6c93b117e054156a45.jpg
/Users/zhanghan/Desktop/涂覆包装-设计稿/DONE 商超/吸塑彩贴/B38D-125-0H-250819.pdf,B38D-125-0H-250819.pdf,B38D-125_0H-彩盒-20250819-V1.pdf,B38D,125_0H,彩盒,20250819,V1,商超,DONE,,,,d199092e8ff239b3c210a159bd8948f4bd63490bc9fefd24444704e782f7040a,,thumbnails/91a5dc8c21e8fdc56815c6cd96c2b905.jpg
/Users/zhanghan/Desktop/涂覆包装-设计稿/DONE 商超/吸塑彩贴/B38D-125-8H-250819.pdf,B38D-125-8H-250819.pdf,B38D-125_8H-彩盒-20250819-V1.pdf,B38D,125_8H,彩盒,20250819,V1,商超,DONE,,,,76ea6f28ae3e959ead3be474944aa0f5f14d93ff4be13bd620fc16784b24090d,,thumbnails/5df6e04a0c1d88afef14db90470ffabe.jpg
/Users/zhanghan/Desktop/涂覆包装-设计稿/DONE 商超/吸塑彩贴/B38E-125-0H-250819.pdf,B38E-125-0H-250819.pdf,B38E-125_0H-彩盒-20250819-V1.pdf,B38E,125_0H,彩盒,20250819,V1,商超,DONE,,,,c99e3dbb2ecea5992726b787dcfe6991d8874649220420836d071977834f9ff2,,thumbnails/603b989b02ee47453ebd4afe8071623e.jpg
/Users/zhanghan/Desktop/涂覆包装-设计稿/DONE 商超/吸塑彩贴/B38E-125-8H-250819.pdf,B38E-125-8H-250819.pdf,B38E-125_8H-彩盒-20250819-V1.pdf,B38E,125_8H,彩盒,20250819,V1,商超,DONE,,,,754f3fa0aea28bd01e8bb6b1d7809f7daa9b4a7a0c7f97f85390ffeda5426ea0,,thumbnails/0294893620f3b4eeb73874eb28115ed4.jpg
/Users/zhanghan/Desktop/涂覆包装-设计稿/DONE 商超/吸塑彩贴/B65-125-8H-250819.pdf,B65-125-8H-250819.pdf,B65-125_8H-彩盒-20250819-V1.pdf,B65,125_8H,彩盒,20250819,V1,商超,DONE,,,,03c3cb1b52d3dc476b009157354a9bd89f6a09019eb2e5db42c2d8322fe2e39a,,thumbnails/c248b6a6deed2703f390f4f7fc1d4a2b.jpg
/Users/zhanghan/Desktop/涂覆包装-设计稿/J100_Sandpaper_Packaging Design_20260516.pdf,J100_Sandpaper_Packaging Design_20260516.pdf,J100-待补充-彩盒-20260516-V1.pdf,J100,待补充,彩盒,20260516,V1,其他,进行中,,,,3404a2ffff8e07827605b26d53a5cfaf7eac2355e905ef38589a192573a3b4d4,,thumbnails/5830772934f07ed093ee21ae561849c2.jpg
/Users/zhanghan/Desktop/涂覆包装-设计稿/Sponge Pad+Mesh Pad 135x80mm 260325.pdf,Sponge Pad+Mesh Pad 135x80mm 260325.pdf,待补充-135X80_135X80M-彩盒-20260325-V1.pdf,待补充,135X80_135X80M,彩盒,20260325,V1,其他,进行中,,,,3aa6f776954f15c4ef72ff1d82d6631a5e3bccdd73c3a910f5a141cf95678a0d,,thumbnails/4bee70cda3d4e22c6da85e95deadf4d0.jpg
/Users/zhanghan/Desktop/涂覆包装-设计稿/圆片吊卡-Sanding-disc-retailbox-260509.pdf,圆片吊卡-Sanding-disc-retailbox-260509.pdf,待补充-待补充-吊卡盒-20260509-V1.pdf,待补充,待补充,吊卡盒,20260509,V1,其他,进行中,,,,22a64eeea5b8b8abcdbc08bd79201ace6a0b7fc5b2736f6d1e05035f8a52564c,,thumbnails/909c1379b857db26ec9461e4f2a55ffe.jpg
/Users/zhanghan/Desktop/涂覆包装-设计稿/快换碟套装 DONE/10PCS-QUICK-CHANG-KIT-PACKAGE-150X240MM-2603V10.pdf,10PCS-QUICK-CHANG-KIT-PACKAGE-150X240MM-2603V10.pdf,待补充-150X240_150X240M-彩盒-20260323-V1.pdf,待补充,150X240_150X240M,彩盒,20260323,V1,其他,DONE,,,,7a1c2ba3e0a040e77c8ecce20c8fdc0864cd2d61a675cf7130214c3a1ccf504d,,thumbnails/4f71171adbe23c7dfc1666ce1c4d2db3.jpg
/Users/zhanghan/Desktop/涂覆包装-设计稿/快换碟套装 DONE/11PCS-QUICK-CHANG-KIT-PACKAGE-174X250MM-2603V1.pdf,11PCS-QUICK-CHANG-KIT-PACKAGE-174X250MM-2603V1.pdf,待补充-174X250_174X250M-彩盒-20260313-V1.pdf,待补充,174X250_174X250M,彩盒,20260313,V1,其他,DONE,,,,dacd21e2946133eda3654ffca3da01c7d93418d65485ac73c51e151efb138f19,,thumbnails/a527d19ab5b0bf47bff5f298690943a5.jpg
/Users/zhanghan/Desktop/涂覆包装-设计稿/快换碟套装 DONE/16PCS-3INCH-QUICK-CHANG-KIT-PACKAGE-189X244-2603V1.pdf,16PCS-3INCH-QUICK-CHANG-KIT-PACKAGE-189X244-2603V1.pdf,待补充-189X244-彩盒-20260323-V1.pdf,待补充,189X244,彩盒,20260323,V1,其他,DONE,,,,6ea61383324d196bfbcc2753005ff18b1308893f4af2429887eeeb080f2cec80,,thumbnails/146463c1df6dec803dffff15b5faf718.jpg
/Users/zhanghan/Desktop/涂覆包装-设计稿/快换碟套装 DONE/16PCS-QUICK-CHANG-KIT-PACKAGE-60X170MM-2603V1.pdf,16PCS-QUICK-CHANG-KIT-PACKAGE-60X170MM-2603V1.pdf,待补充-60X170_60X170M-彩盒-20260310-V1.pdf,待补充,60X170_60X170M,彩盒,20260310,V1,其他,DONE,,,,16a4bcb517666cfe53feeee11a1f21c9d0c36919603536e2c7efed4764f78a45,,thumbnails/39c505f79571c8e304777dc689cd3955.jpg
/Users/zhanghan/Desktop/涂覆包装-设计稿/快换碟套装 DONE/18PCS-3INCH-QUICK-CHANG-KIT-PACKAGE-189X244-2603V1.pdf,18PCS-3INCH-QUICK-CHANG-KIT-PACKAGE-189X244-2603V1.pdf,待补充-189X244-彩盒-20260313-V1.pdf,待补充,189X244,彩盒,20260313,V1,其他,DONE,,,,ea0f1aae22c10ca1987952f4342e1475664bf673ddc49b8db56014d7cf7cd2fb,,thumbnails/276e1269c9ebee1f36df2e57ffab1bb1.jpg
/Users/zhanghan/Desktop/涂覆包装-设计稿/快换碟套装 DONE/7PCS-QUICK-CHANG-KIT-PACKAGE-60X170MM-2603V1.pdf,7PCS-QUICK-CHANG-KIT-PACKAGE-60X170MM-2603V1.pdf,待补充-60X170_60X170M-彩盒-20260310-V1-DUP02.pdf,待补充,60X170_60X170M,彩盒,20260310,V1,其他,DONE,,,,6e3255099b0d5d5574fd9f410e79bdb69b512686e7c7511bec46f00d5d550509,,thumbnails/d72e9d064273730aca2ca74f5eafd176.jpg
/Users/zhanghan/Desktop/涂覆包装-设计稿/快换碟套装 DONE/A. 10PCS-QUICK-CHANG-KIT-PACKAGE-155X270MM-2603V10.pdf,A. 10PCS-QUICK-CHANG-KIT-PACKAGE-155X270MM-2603V10.pdf,待补充-155X270_155X270M-彩盒-20260325-V1.pdf,待补充,155X270_155X270M,彩盒,20260325,V1,其他,DONE,,,,3bc8aa36110b592ce8648802316684c9e14988481ad20edb086a3259a03171ca,,thumbnails/e72de49527225d93febbd4bf65401dc7.jpg
/Users/zhanghan/Desktop/涂覆包装-设计稿/快换碟套装 DONE/B. 16PCS-3INCH-QUICK-CHANG-KIT-PACKAGE-215X290-2603V2.pdf,B. 16PCS-3INCH-QUICK-CHANG-KIT-PACKAGE-215X290-2603V2.pdf,待补充-215X290-彩盒-20260325-V1.pdf,待补充,215X290,彩盒,20260325,V1,其他,DONE,,,,825daadfbc3e12b7d02e16dbea7ba524d8d31c571cc7dfeea94ef91056b8ecab,,thumbnails/0da1e1a26f776b0ba1528f698062bb28.jpg
/Users/zhanghan/Desktop/涂覆包装-设计稿/快换碟套装 DONE/C. 10PCS-QUICK-CHANG-KIT-PACKAGE-195X350MM-2603V10.pdf,C. 10PCS-QUICK-CHANG-KIT-PACKAGE-195X350MM-2603V10.pdf,待补充-195X350_195X350M-彩盒-20260323-V1.pdf,待补充,195X350_195X350M,彩盒,20260323,V1,其他,DONE,,,,b059afab4e42e3c1874783d9b4cccbff9bed896351f4f0bcf806ae9c04b34110,,thumbnails/3c9687afc535eb134b2e6e98016a9925.jpg
/Users/zhanghan/Desktop/涂覆包装-设计稿/快换碟套装 DONE/QUICK-CHANG-KIT-PACKAGE-QCK4001.pdf,QUICK-CHANG-KIT-PACKAGE-QCK4001.pdf,QCK4001-待补充-彩盒-20260204-V1.pdf,QCK4001,待补充,彩盒,20260204,V1,其他,DONE,QCK4001,,,5ff1233a2f93809ec2436267e527b8cb4831461dadaa9258ae736a1248b85ef9,,thumbnails/c2f5430e1b8f71e7dfe04132354096d9.jpg
/Users/zhanghan/Desktop/涂覆包装-设计稿/快换碟套装 DONE/快换碟-彩盒/17PCS-D-2-Quick-change-disc-kit-box-快换碟套装彩盒-260401V1.pdf,17PCS-D-2-Quick-change-disc-kit-box-快换碟套装彩盒-260401V1.pdf,快换碟-17PCS-彩盒-20260401-V1.pdf,快换碟,17PCS,彩盒,20260401,V1,其他,DONE,,,,b335e0c4dbd554e2bbcdf7ec30d7231770e28fa707b321296d4842f3883ab240,,thumbnails/65fb3b6bab8176a13a4a7d548957c01b.jpg
/Users/zhanghan/Desktop/涂覆包装-设计稿/快换碟套装 DONE/快换碟-彩盒/17PCS-E-3-Quick-change-disc-kit-box-快换碟套装彩盒-260401V1.pdf,17PCS-E-3-Quick-change-disc-kit-box-快换碟套装彩盒-260401V1.pdf,快换碟-17PCS-彩盒-20260401-V1-DUP02.pdf,快换碟,17PCS,彩盒,20260401,V1,其他,DONE,,,,74e7968f003c4b6d35dab0dee242ff21b7502bf6e82eaf40e90f525906356daf,,thumbnails/61308f499cee68775085af781bba1842.jpg
/Users/zhanghan/Desktop/涂覆包装-设计稿/手撕砂布卷彩盒-HANDY-ROLL-1X15-260330.pdf,手撕砂布卷彩盒-HANDY-ROLL-1X15-260330.pdf,手撕砂布卷-待补充-彩盒-20260330-V1-DUP03.pdf,手撕砂布卷,待补充,彩盒,20260330,V1,其他,进行中,,,,506c9671471e55fa41f6ea93d00fe43d008fb8476bb632c5a7b5e53964e305a3,DUP-048,thumbnails/f4619725434e4b5d3711f07764294793.jpg
/Users/zhanghan/Desktop/涂覆包装-设计稿/独立站-DONE/2024/32mm Spotfix label with 50 pack.pdf,32mm Spotfix label with 50 pack.pdf,待补充-32-彩盒-20240208-V1.pdf,待补充,32,彩盒,20240208,V1,独立站,DONE,,,,2fe50f021f020e99096a56525d7118f7885783b4a66cf686e59f0511511c8f61,,thumbnails/335ccda6482d8d807aff43a5c2de544e.jpg
/Users/zhanghan/Desktop/涂覆包装-设计稿/独立站-DONE/2024/5寸黄砂8孔－独立站规格标签.pdf,5寸黄砂8孔－独立站规格标签.pdf,待补充-待补充-规格标签-20231030-V1.pdf,待补充,待补充,规格标签,20231030,V1,独立站,DONE,,,,449a1cf993d41d4c33262cc6354e2230c79fa0b90c913b288eb7e006bb23d50e,,thumbnails/6158ee68c475f040a3f2a15d2e496127.jpg
/Users/zhanghan/Desktop/涂覆包装-设计稿/独立站-DONE/2024/6寸15孔黄砂外箱.pdf,6寸15孔黄砂外箱.pdf,待补充-待补充-外箱-20231207-V1.pdf,待补充,待补充,外箱,20231207,V1,独立站,DONE,,,,7e9f936c5bbbc0aa23a9cdace9d37e6427fcf0164a61024791ba0cbeba3f307b,,thumbnails/9631c607cb3b1eb2d4928924b37bebe3.jpg
/Users/zhanghan/Desktop/涂覆包装-设计稿/独立站-DONE/2024/6寸紫砂薄膜-50pcs-单粒度装－FASTPLUS独立站包装盒.pdf,6寸紫砂薄膜-50pcs-单粒度装－FASTPLUS独立站包装盒.pdf,待补充-50PCS-彩盒-20231101-V1.pdf,待补充,50PCS,彩盒,20231101,V1,独立站,DONE,,,,fc6e2724530cf54db98803fa6ca94ede00315e83e59f7ee7ac25cb86140e2ca7,DUP-010,thumbnails/076dcc8cb3425389a2f533503a10f307.jpg
/Users/zhanghan/Desktop/涂覆包装-设计稿/独立站-DONE/2024/6寸紫色激光孔规格标签.pdf,6寸紫色激光孔规格标签.pdf,待补充-待补充-规格标签-20240814-V1.pdf,待补充,待补充,规格标签,20240814,V1,独立站,DONE,,,,9c8fd70e2062ae2552db9d82599c14d51511909efaef14ac5081b4ff72503c98,,thumbnails/8434c2a065e1e6d04e68bff373b29a51.jpg
/Users/zhanghan/Desktop/涂覆包装-设计稿/独立站-DONE/2024/6寸黄砂和蓝色网格砂外箱唛头.pdf,6寸黄砂和蓝色网格砂外箱唛头.pdf,待补充-待补充-外箱-20231208-V1.pdf,待补充,待补充,外箱,20231208,V1,独立站,DONE,,,,d9def06e605be21ff99746d7cd535b53dca0ea3ae4b73e8c058248b1e7700d55,,thumbnails/8de7123f638bfdbc2816474daed81d05.jpg
/Users/zhanghan/Desktop/涂覆包装-设计稿/独立站-DONE/2024/70x420和70x200 STRIP通用彩盒设计稿.pdf,70x420和70x200 STRIP通用彩盒设计稿.pdf,待补充-70X420_70X200-彩盒-20240507-V1.pdf,待补充,70X420_70X200,彩盒,20240507,V1,独立站,DONE,,,通用,bb315f79488d5b8c84fddc64b26e9ac06f4d8ccc6f54e9717484ef78bcb674f3,DUP-054,thumbnails/07a291d2cecb97802197b1f8d9728bb6.jpg
/Users/zhanghan/Desktop/涂覆包装-设计稿/独立站-DONE/2024/75mm金字塔彩盒设计稿 图号-FPD10014.pdf,75mm金字塔彩盒设计稿 图号-FPD10014.pdf,金字塔-75-彩盒-20230811-V1.pdf,金字塔,75,彩盒,20230811,V1,独立站,DONE,FPD10014,,,a18b25560cf1348dcc4292d8d0188f945e9e5e25dc9c3be41568051a2a776eb6,DUP-035,thumbnails/ed3edc834db403c4481c20c2de9ddb2f.jpg
/Users/zhanghan/Desktop/涂覆包装-设计稿/独立站-DONE/2024/B25-6寸15孔黄砂彩盒及标签.pdf,B25-6寸15孔黄砂彩盒及标签.pdf,B25-待补充-标签-20250304-V1.pdf,B25,待补充,标签,20250304,V1,独立站,DONE,,,,9a5bf525de75ba2cf54aad668272b5d293583a9f77d25bcf586e6a053566a1ee,DUP-002,thumbnails/451a06124a2e34ec16def244e21a85e1.jpg
/Users/zhanghan/Desktop/涂覆包装-设计稿/独立站-DONE/2024/BF12-150-15-2512.pdf,BF12-150-15-2512.pdf,BF12-待补充-彩盒-20251222-V1.pdf,BF12,待补充,彩盒,20251222,V1,独立站,DONE,,,,60789dc6f017fd45e9c5912b7e4035cb0097cd528a13ae29507201006e573604,,thumbnails/39a9c4e7238ab47129e4609abc80cde1.jpg
/Users/zhanghan/Desktop/涂覆包装-设计稿/独立站-DONE/2024/BN38防水砂纸230x280包装设计.pdf,BN38防水砂纸230x280包装设计.pdf,BN38-230X280-彩盒-20230913-V1.pdf,BN38,230X280,彩盒,20230913,V1,独立站,DONE,,,,64a13319f5af4cbfeb561542d8fdacc3a322ccaadd2581b27090b30f871dc1b5,,thumbnails/f0cad1c83f2523695b4b5500d93a3cba.jpg
/Users/zhanghan/Desktop/涂覆包装-设计稿/独立站-DONE/2024/BP37防水砂纸230x280包装设计-图号-FPD10012.pdf,BP37防水砂纸230x280包装设计-图号-FPD10012.pdf,BP37-230X280-彩盒-20240321-V1.pdf,BP37,230X280,彩盒,20240321,V1,独立站,DONE,FPD10012,,,e81c46bf66964a5a20124c0e641e51deeff0fa0393fd23b075d6e1986ca18411,,thumbnails/355f7f958a981b223d53c39bae209ee6.jpg
/Users/zhanghan/Desktop/涂覆包装-设计稿/独立站-DONE/2024/CERA-PLUS-115-125紫色钢纸磨片规格标签.pdf,CERA-PLUS-115-125紫色钢纸磨片规格标签.pdf,待补充-待补充-规格标签-20241101-V1.pdf,待补充,待补充,规格标签,20241101,V1,独立站,DONE,,,,e6516f5e51c36480d398733e58f7ebb465338903a507b8ff8a7f93e2164b8341,,thumbnails/2ab36f981d99743678110ebe8440988c.jpg
/Users/zhanghan/Desktop/涂覆包装-设计稿/独立站-DONE/2024/FASTPLUS工作手套设计+规格标签.pdf,FASTPLUS工作手套设计+规格标签.pdf,待补充-待补充-规格标签-20230925-V1.pdf,待补充,待补充,规格标签,20230925,V1,独立站,DONE,,,,ba8415ba3331d8d4deab35edd7363ffa01af3e7eb690a68ba0c00424e90c3cda,,thumbnails/6aef9d1130fe611c7466120b6e958e76.jpg
/Users/zhanghan/Desktop/涂覆包装-设计稿/独立站-DONE/2024/FASTPLUS独立站包装盒.pdf,FASTPLUS独立站包装盒.pdf,待补充-待补充-彩盒-20230614-V1.pdf,待补充,待补充,彩盒,20230614,V1,独立站,DONE,,,,36582ce29969c7932663f3d0de3c622df38c80126b958cd2e3b29c7d9fb8d560,,thumbnails/e69eacef9bc811e0ecda5c0edfc0a7f7.jpg
/Users/zhanghan/Desktop/涂覆包装-设计稿/独立站-DONE/2024/PSA卷 不干胶标签+规格标签.pdf,PSA卷 不干胶标签+规格标签.pdf,待补充-待补充-规格标签-20230912-V1.pdf,待补充,待补充,规格标签,20230912,V1,独立站,DONE,,,,0e07ab1396e7e1fa29e95486d2d8014c3346770847a6fe2a0647df4564d9d365,,thumbnails/7ffb3e41771237ee00f9a1bf6f8d9373.jpg
/Users/zhanghan/Desktop/涂覆包装-设计稿/独立站-DONE/2024/SAMPLE BAG.pdf,SAMPLE BAG.pdf,待补充-待补充-彩盒-20230803-V1.pdf,待补充,待补充,彩盒,20230803,V1,独立站,DONE,,,,8dcd5c460fcdd90cbe6eb884f52b66a544c1adbc1a4dd02fcc8a681eef5cfa46,,thumbnails/a52d4e870574ca991b285b6a36840ae2.jpg
/Users/zhanghan/Desktop/涂覆包装-设计稿/独立站-DONE/2024/V字卷彩盒+规格标签.pdf,V字卷彩盒+规格标签.pdf,V字卷-待补充-规格标签-20230912-V1.pdf,V字卷,待补充,规格标签,20230912,V1,独立站,DONE,,,,5b880e5087fa15e7b7d2c417bc4cbe540ba2250af4ae1f40b3906e47ca7aa1e1,,thumbnails/f113dc534aeb8cb22cfa86311371b83d.jpg
/Users/zhanghan/Desktop/涂覆包装-设计稿/独立站-DONE/2024/点修独立站规格标签.pdf,点修独立站规格标签.pdf,点修-待补充-规格标签-20250709-V1.pdf,点修,待补充,规格标签,20250709,V1,独立站,DONE,,,,cda2dcc5389e16e2c6472f8606d0c906dbc13bb2021e5ddf319c679cb8d401ec,,thumbnails/6c41c1a0daec8803f1506c9f0f56a004.jpg
/Users/zhanghan/Desktop/涂覆包装-设计稿/独立站-DONE/2024/独立站规格标签.pdf,独立站规格标签.pdf,待补充-待补充-规格标签-20230222-V1.pdf,待补充,待补充,规格标签,20230222,V1,独立站,DONE,,,,7f8693bc225f466120dc530254bdbb739fcbfe13da5a68a5d633692ce8eea94b,,thumbnails/d402c72b24a90873279976e2f7706b8c.jpg
/Users/zhanghan/Desktop/涂覆包装-设计稿/独立站-DONE/2024/蓝色网格砂-125mm和70x12米-规格标签.pdf,蓝色网格砂-125mm和70x12米-规格标签.pdf,待补充-70X12_125-规格标签-20240903-V1.pdf,待补充,70X12_125,规格标签,20240903,V1,独立站,DONE,,,,ce3109af34f32a5f179c94fe02645117cac001dc8f8f08f3f0704fe8eae68c15,,thumbnails/8a25c5d769cdc13adbded8ca72f6c68f.jpg
/Users/zhanghan/Desktop/涂覆包装-设计稿/独立站-DONE/2024/金字塔 点修包装及规格标签.pdf,金字塔 点修包装及规格标签.pdf,金字塔-待补充-规格标签-20230616-V1.pdf,金字塔,待补充,规格标签,20230616,V1,独立站,DONE,,,,119a92382d67f8fa3fd5422d7b71458b044cf29712af4af2ae744347db0e0a72,,thumbnails/db55e11e9ba601d9eaad4315ee4d4094.jpg
/Users/zhanghan/Desktop/涂覆包装-设计稿/独立站-DONE/2024/黄砂海绵卷－FASTPLUS独立站包装盒-图号 FPD10010.pdf,黄砂海绵卷－FASTPLUS独立站包装盒-图号 FPD10010.pdf,待补充-待补充-彩盒-20240408-V1.pdf,待补充,待补充,彩盒,20240408,V1,独立站,DONE,FPD10010,,,58a5553e9e065b5c41a1d33442e35d005a69c2f83c8ff6d4da42c193704629a6,,thumbnails/dc7c1e821c6dde76f58f5b56bf72e697.jpg
/Users/zhanghan/Desktop/涂覆包装-设计稿/独立站-DONE/2025/70x200 & 70x400-手砂板彩盒-20250717.pdf,70x200 & 70x400-手砂板彩盒-20250717.pdf,待补充-70X200_70X400-彩盒-20250717-V1.pdf,待补充,70X200_70X400,彩盒,20250717,V1,独立站,DONE,,,,f9ff6815412b0f91b25d0fe4ae70b97adfb578f17fcb2fba156d68f19cccddc0,,thumbnails/3f5ca5bc5a182e6919c4217e64b48617.jpg
/Users/zhanghan/Desktop/涂覆包装-设计稿/独立站-DONE/2025/B15-225-9H-25PCS-20250715.pdf,B15-225-9H-25PCS-20250715.pdf,B15-225_9H-彩盒-20250715-V1-DUP02.pdf,B15,225_9H,彩盒,20250715,V1,独立站,DONE,,,,b947602de3527ff5b978f41a7a499e35ffc56b2251c603618e9ed10304a38128,DUP-001,thumbnails/0ce7290e550bc175e7d87b23201e7b8d.jpg
/Users/zhanghan/Desktop/涂覆包装-设计稿/独立站-DONE/2025/B25-125-8H-50PCS-20250715.pdf,B25-125-8H-50PCS-20250715.pdf,B25-125_8H-彩盒-20250715-V1-DUP02.pdf,B25,125_8H,彩盒,20250715,V1,独立站,DONE,,,,045ab27bc4ff6f79e2b9497c9e0d92d2291ccf95c94bc575387f06469d6cd680,,thumbnails/a7d4a83f1d8c1f455f9f682c214ab1ea.jpg
/Users/zhanghan/Desktop/涂覆包装-设计稿/独立站-DONE/2025/B25-150-15H-50PCS-20250715.pdf,B25-150-15H-50PCS-20250715.pdf,B25-150_15H-彩盒-20250715-V1-DUP02.pdf,B25,150_15H,彩盒,20250715,V1,独立站,DONE,,,,23a071db5bca5e1b879864e3d438f5d82a0614ff1e6df450989bffb8e8943545,,thumbnails/a4e847e06720cd0efd19046cf4cdcd96.jpg
/Users/zhanghan/Desktop/涂覆包装-设计稿/独立站-DONE/2025/B65-125-8H-50PCS-20250715.pdf,B65-125-8H-50PCS-20250715.pdf,B65-125_8H-彩盒-20250715-V1-DUP02.pdf,B65,125_8H,彩盒,20250715,V1,独立站,DONE,,,,5ed16332059a7cec5e53d30dd8fc4ba29fcad6f338d0f470a9c249550bb17154,DUP-003,thumbnails/dffdf23c3013eb30ecd00804cc4cee31.jpg
/Users/zhanghan/Desktop/涂覆包装-设计稿/独立站-DONE/2025/B65-150-49H-20250827.pdf,B65-150-49H-20250827.pdf,B65-150_49H-彩盒-20250827-V1.pdf,B65,150_49H,彩盒,20250827,V1,独立站,DONE,,,,ccdd349fa841db42db47915c713088e58878e06d59164d4ddf7c44450b57a308,,thumbnails/7dfca29376f99bb4c8b4545ed9908b83.jpg
/Users/zhanghan/Desktop/涂覆包装-设计稿/独立站-DONE/2025/B65-225-激光多孔-25PCS-20250715.pdf,B65-225-激光多孔-25PCS-20250715.pdf,B65-25PCS-彩盒-20250715-V1-DUP02.pdf,B65,25PCS,彩盒,20250715,V1,独立站,DONE,,,,81fe2af9726a336f71cc6ae167317b40f56d1e37ce4f95ae9290f59aa45b6320,DUP-004,thumbnails/5480d7cf3558f0d873db69aeba6b73cb.jpg
/Users/zhanghan/Desktop/涂覆包装-设计稿/独立站-DONE/2025/BAC02-150-通用孔-2PCS-20250715.pdf,BAC02-150-通用孔-2PCS-20250715.pdf,BAC02-2PCS-彩盒-20250715-V1-DUP02.pdf,BAC02,2PCS,彩盒,20250715,V1,独立站,DONE,,,通用,125e6270a6bf0275a64cb25ddd5e9bbadde38395a6baabcc936d16593c585e7f,,thumbnails/3fcd23890200725203a11df6b2cca081.jpg
/Users/zhanghan/Desktop/涂覆包装-设计稿/独立站-DONE/2025/BCG9-150-50PCS-250819.pdf,BCG9-150-50PCS-250819.pdf,BCG9-50PCS-彩盒-20250819-V1.pdf,BCG9,50PCS,彩盒,20250819,V1,独立站,DONE,,,,a46586846a2fbe1e8e4bc124851f27544f2c408d0fc88f5167394212f7ff1459,,thumbnails/4ff03c8e69a5565609bd9e7879a2e947.jpg
/Users/zhanghan/Desktop/涂覆包装-设计稿/独立站-DONE/2025/BD8-32-100PCS-规格标签-250818.pdf,BD8-32-100PCS-规格标签-250818.pdf,BD8-100PCS-规格标签-20250818-V1.pdf,BD8,100PCS,规格标签,20250818,V1,独立站,DONE,,,,9a1874dd5883b67d201273b933cf043fb71e0746a34b4b4d3b5164e18002bf8e,,thumbnails/a60768918de20de118ad97e48387deb2.jpg
/Users/zhanghan/Desktop/涂覆包装-设计稿/独立站-DONE/2025/BDL9-70X12-PSA-250819.pdf,BDL9-70X12-PSA-250819.pdf,BDL9-70X12-彩盒-20250819-V1.pdf,BDL9,70X12,彩盒,20250819,V1,独立站,DONE,,,,2bf500d1e2db1d28991924265071dfd2f1d34f9f54795d9a94495dd1e1bf10cf,,thumbnails/a64c8f2880dda0e55de4e9b6e9bfd7b5.jpg
/Users/zhanghan/Desktop/涂覆包装-设计稿/独立站-DONE/2025/BF78-150-通用孔-20250827.pdf,BF78-150-通用孔-20250827.pdf,BF78-待补充-彩盒-20250827-V1.pdf,BF78,待补充,彩盒,20250827,V1,独立站,DONE,,,通用,ac0cce4775ff94d07b0bf1319195bc76ef61166896a1a8cb501c0bed4b55669e,,thumbnails/14b7398de2fbd8a045813c1d22af7de8.jpg
/Users/zhanghan/Desktop/涂覆包装-设计稿/独立站-DONE/2025/BN38-230X280-10PCS-250901.pdf,BN38-230X280-10PCS-250901.pdf,BN38-230X280-彩盒-20250901-V1.pdf,BN38,230X280,彩盒,20250901,V1,独立站,DONE,,,,09eccbe4fc829c87d2f61e8bd0aef7d6a1ac3cd631c2008012bc2d33d56056e6,,thumbnails/783ed3ac05bfb9cb300705d5571007c0.jpg
/Users/zhanghan/Desktop/涂覆包装-设计稿/独立站-DONE/2025/BT77-150-激光多孔-50pcs-20250715.pdf,BT77-150-激光多孔-50pcs-20250715.pdf,BT77-50PCS-彩盒-20250715-V1-DUP02.pdf,BT77,50PCS,彩盒,20250715,V1,独立站,DONE,,,,d9174bac9968ced2b7d7deacd338e7ba54640cd4bb03152731134f0ad109fe28,DUP-008,thumbnails/624cd00391a7e83c94a232cb451aa117.jpg
/Users/zhanghan/Desktop/涂覆包装-设计稿/独立站-DONE/2025/BT77-150-激光多孔-粗粒度-50pcs-250819.pdf,BT77-150-激光多孔-粗粒度-50pcs-250819.pdf,BT77-50PCS-彩盒-20250819-V1.pdf,BT77,50PCS,彩盒,20250819,V1,独立站,DONE,,,粗粒度,36c288bf0f9e7a03beec7151a221c76f8794b3e45a6a87fb36f50de2da8cd03d,,thumbnails/e9282a348e5dce97e03a2b71dea229ea.jpg
/Users/zhanghan/Desktop/涂覆包装-设计稿/独立站-DONE/2025/BT77-70X198-70X420-25PCS-20250715.pdf,BT77-70X198-70X420-25PCS-20250715.pdf,BT77-70X198-70X420_70X198-彩盒-20250715-V1-DUP03.pdf,BT77,70X198-70X420_70X198,彩盒,20250715,V1,独立站,DONE,,,,496794c360c158c61201ec9695e5b24d1cbdc399013713402b2bb7667c065135,DUP-012,thumbnails/4c36e85a8844042f50c6f1f8c72adf90.jpg
/Users/zhanghan/Desktop/涂覆包装-设计稿/独立站-DONE/2025/FBP1-150-1PCS-20250715.pdf,FBP1-150-1PCS-20250715.pdf,FBP1-1PCS-彩盒-20250715-V1-DUP02.pdf,FBP1,1PCS,彩盒,20250715,V1,独立站,DONE,,,,625e082f3c1c190ac2a93440f610811cb65de59f2595fcb915f16d565d1a38f4,DUP-049,thumbnails/80e10c4efe501ec48f8f276aad748112.jpg
/Users/zhanghan/Desktop/涂覆包装-设计稿/独立站-DONE/2025/无纺布-20片混装彩盒-20250715.pdf,无纺布-20片混装彩盒-20250715.pdf,无纺布-待补充-彩盒-20250715-V1.pdf,无纺布,待补充,彩盒,20250715,V1,独立站,DONE,,,混装,b3b03b6980703ceb0456fa022f158dadb03a95ad33fb92dd86d26552e094d3d8,,thumbnails/14615f98adc17f924a82f3e111ce3980.jpg
/Users/zhanghan/Desktop/涂覆包装-设计稿/砂带-File-belt-packaging-260506.pdf,砂带-File-belt-packaging-260506.pdf,砂带-待补充-彩盒-20260506-V1.pdf,砂带,待补充,彩盒,20260506,V1,其他,进行中,,,,814e673f0f28be27bf8fcbb10977ffe58f1d70d74bd959094e3a69c0090f4c28,,thumbnails/b24006556fea70310d147247c37c3101.jpg
/Users/zhanghan/Desktop/涂覆包装-设计稿/砂带-File-belt-packaging-260518.pdf,砂带-File-belt-packaging-260518.pdf,砂带-待补充-彩盒-20260518-V1.pdf,砂带,待补充,彩盒,20260518,V1,其他,进行中,,,,73d88342e2558119788e825b86fbaebf5df4fd52914dad9b000f1d206a7c4fff,,thumbnails/54abf8042358b3a9abc00b85aa811548.jpg
/Users/zhanghan/Desktop/涂覆包装-设计稿/砂纸卷彩贴-Sandpaper Roll Sticker 260506.pdf,砂纸卷彩贴-Sandpaper Roll Sticker 260506.pdf,待补充-待补充-彩盒-20260506-V1.pdf,待补充,待补充,彩盒,20260506,V1,其他,进行中,,,,ddf22642b94cf86d93ab3b48d047cae8391acd9c887185ef5958beb457a6aa43,,thumbnails/f04e14543d56699a739bd65b32d237e5.jpg
