original_path,original_name,new_name,产品分类,产品系列,产品编码,核心规格,包装类型,日期,版本,渠道,状态,设计图号,客户,备注,file_hash,duplicate_group,thumbnail_path
/Users/zhanghan/Desktop/涂覆包装-设计稿/1-11刀模图/涂附-V字卷-145X75_145-20260123-V1.pdf,涂附-V字卷-145X75_145-20260123-V1.pdf,涂附-V字卷-145X75_145-20260123-V1.pdf,涂附,V字卷,V字卷,145X75_145,刀模图,20260123,V1,其他,进行中,,,,06790771ddcd4337c718ae91dcafea08370dbed61253bed428041d7d1b0d577b,,
/Users/zhanghan/Desktop/涂覆包装-设计稿/1-11刀模图/涂附-V字卷-135X135_75-20260128-V1.pdf,涂附-V字卷-135X135_75-20260128-V1.pdf,涂附-V字卷-135X135_75-20260128-V1.pdf,涂附,V字卷,V字卷,135X135_75,刀模图,20260128,V1,其他,进行中,,,,2093a0c2e6c4489d67e1e1cfdd5d70bf136f060132423d7d566e70a709e2ba48,,
/Users/zhanghan/Desktop/涂覆包装-设计稿/1-11刀模图/涂附-刀模图-155X155_110-20250714-V1.pdf,涂附-刀模图-155X155_110-20250714-V1.pdf,涂附-刀模图-155X155_110-20250714-V1.pdf,涂附,刀模图,待补充,155X155_110,刀模图,20250714,V1,其他,进行中,,,,ba29f43c7c6170bf93bbd87b97e372611be56d6752bc12c10b5715a8204df374,,
/Users/zhanghan/Desktop/涂覆包装-设计稿/1-11刀模图/涂附-V字卷-115X12M-20250714-V1.pdf,涂附-V字卷-115X12M-20250714-V1.pdf,涂附-V字卷-115X12M-20250714-V1.pdf,涂附,V字卷,V字卷,115X12M,刀模图,20250714,V1,其他,进行中,,,,6f8dbf013984db49b0c0600fdb59f6c1b99d077fd6b2332fa01c4bbe0601de0d,,
/Users/zhanghan/Desktop/涂覆包装-设计稿/1-11刀模图/涂附-BS03-210X140_04X10-10PCS-20250616-V1.pdf,涂附-BS03-210X140_04X10-10PCS-20250616-V1.pdf,涂附-BS03-210X140_04X10-10PCS-20250616-V1.pdf,涂附,BS03,BS03,210X140_04X10,刀模图,20250616,V1,其他,进行中,,,,cbdaf0c2396712ae81ffd0058b76ee9c072a814984239964cba82e2e26388fcd,,
/Users/zhanghan/Desktop/涂覆包装-设计稿/1-11刀模图/涂附-拉绒片-待补充-20251210-V1.pdf,涂附-拉绒片-待补充-20251210-V1.pdf,涂附-拉绒片-待补充-20251210-V1.pdf,涂附,拉绒片,拉绒片,待补充,刀模图,20251210,V1,其他,进行中,,,,fb73a3aabd6f0b2770469428c9f0b9e0a74a6fcdf2d9a3e4902303486a46fd0a,,
"/Users/zhanghan/Desktop/涂覆包装-设计稿/1-1涂附-拉绒片-彩盒/涂附-拉绒片-B66-150MM,15H-50PCS-20241022-V1.pdf","涂附-拉绒片-B66-150MM,15H-50PCS-20241022-V1.pdf","涂附-拉绒片-B66-150MM,15H-50PCS-20241022-V1.pdf",涂附,拉绒片,拉绒片,15H,彩盒,20241022,V1,独立站,进行中,,,,5de038d14d4c3da8ffc09d3d0dcc4cb8122801520bce8218cd8f21dd37f944a4,,
"/Users/zhanghan/Desktop/涂覆包装-设计稿/1-1涂附-拉绒片-彩盒/涂附-拉绒片-B15-225MM,9H-25PCS-20250715-V1.pdf","涂附-拉绒片-B15-225MM,9H-25PCS-20250715-V1.pdf","涂附-拉绒片-B15-225MM,9H-25PCS-20250715-V1.pdf",涂附,B15,B15,225_9H,彩盒,20250715,V1,其他,进行中,,,,b947602de3527ff5b978f41a7a499e35ffc56b2251c603618e9ed10304a38128,,
"/Users/zhanghan/Desktop/涂覆包装-设计稿/1-1涂附-拉绒片-彩盒/涂附-拉绒片-B25-125MM,8H-50PCS-20250715-V1.pdf","涂附-拉绒片-B25-125MM,8H-50PCS-20250715-V1.pdf","涂附-拉绒片-B25-125MM,8H-50PCS-20250715-V1.pdf",涂附,B25,B25,125_8H,彩盒,20250715,V1,其他,进行中,,,,356edefb6ab93f22c691383de2f243b89ebb60897fc18f1c66d36a46e02e31fd,,
"/Users/zhanghan/Desktop/涂覆包装-设计稿/1-1涂附-拉绒片-彩盒/涂附-拉绒片-B25-150MM,15H-50PCS-20250715-V1.pdf","涂附-拉绒片-B25-150MM,15H-50PCS-20250715-V1.pdf","涂附-拉绒片-B25-150MM,15H-50PCS-20250715-V1.pdf",涂附,B25,B25,150_15H,彩盒,20250715,V1,其他,进行中,,,,115cd9380be9ffa6ebf0ef00f659764e064c253e19010bf3f8c1abceaeb7486f,,
"/Users/zhanghan/Desktop/涂覆包装-设计稿/1-1涂附-拉绒片-彩盒/涂附-拉绒片-B25-125MM,8H-100PCS-20230616-V1.pdf","涂附-拉绒片-B25-125MM,8H-100PCS-20230616-V1.pdf","涂附-拉绒片-B25-125MM,8H-100PCS-20230616-V1.pdf",涂附,B25,B25,15H,彩盒,20230616,V1,其他,进行中,,,,3496f7d562a3379934ccdcd5b279ac2a0947381420335566519db7f2186eef91,,
"/Users/zhanghan/Desktop/涂覆包装-设计稿/1-1涂附-拉绒片-彩盒/涂附-拉绒片-B65-125MM,8H-50PCS-20250715-V1.pdf","涂附-拉绒片-B65-125MM,8H-50PCS-20250715-V1.pdf","涂附-拉绒片-B65-125MM,8H-50PCS-20250715-V1.pdf",涂附,B65,B65,125_8H,彩盒,20250715,V1,其他,进行中,,,,5ed16332059a7cec5e53d30dd8fc4ba29fcad6f338d0f470a9c249550bb17154,,
"/Users/zhanghan/Desktop/涂覆包装-设计稿/1-1涂附-拉绒片-彩盒/涂附-拉绒片-B65-150MM,49H-50PCS-20250715-V1.pdf","涂附-拉绒片-B65-150MM,49H-50PCS-20250715-V1.pdf","涂附-拉绒片-B65-150MM,49H-50PCS-20250715-V1.pdf",涂附,B65,B65,150_49H,彩盒,20250715,V1,其他,进行中,,,,469e2161b720ad4e2922d22436d2f7fcb982584f366b5be990330b33ca920d8b,,
"/Users/zhanghan/Desktop/涂覆包装-设计稿/1-1涂附-拉绒片-彩盒/涂附-拉绒片-B65-225MM,多孔-25PCS-20250715-V1.pdf","涂附-拉绒片-B65-225MM,多孔-25PCS-20250715-V1.pdf","涂附-拉绒片-B65-225MM,多孔-25PCS-20250715-V1.pdf",涂附,B65,B65,25PCS,彩盒,20250715,V1,其他,进行中,,,,81fe2af9726a336f71cc6ae167317b40f56d1e37ce4f95ae9290f59aa45b6320,,
"/Users/zhanghan/Desktop/涂覆包装-设计稿/1-1涂附-拉绒片-彩盒/涂附-拉绒片-B65-50MM,15H-100PCS-20231222-V1.pdf","涂附-拉绒片-B65-50MM,15H-100PCS-20231222-V1.pdf","涂附-拉绒片-B65-50MM,15H-100PCS-20231222-V1.pdf",涂附,B65,B65,15H,彩盒,20231222,V1,其他,进行中,,,,a47e08672949b2fcc1f63d4278130d779d8ecf11d0e0e31c1cbdd0b85736dba0,,
"/Users/zhanghan/Desktop/涂覆包装-设计稿/1-1涂附-拉绒片-彩盒/涂附-B66-B66-125MM,8H-50PCS-20230918-V1.pdf","涂附-B66-B66-125MM,8H-50PCS-20230918-V1.pdf","涂附-B66-B66-125MM,8H-50PCS-20230918-V1.pdf",涂附,B66,B66,125_8H,标签,20230918,V1,其他,进行中,,,,fac4fc6e54977e5af81df5db17d9ca7418325adff6e0cd2422c392b86f156f89,,
"/Users/zhanghan/Desktop/涂覆包装-设计稿/1-1涂附-拉绒片-彩盒/涂附-拉绒片-B66-150MM,蝴蝶孔-50PCS-20240910-V1.pdf","涂附-拉绒片-B66-150MM,蝴蝶孔-50PCS-20240910-V1.pdf","涂附-拉绒片-BA88-150MM,蝴蝶孔-50PCS-20240910-V1.pdf",涂附,B66,B66,150,彩盒,20240910,V1,其他,进行中,,,,4db7ded0e195815ad41b82434d5407acc876f1e60507aa02d371dceb061b298b,,
/Users/zhanghan/Desktop/涂覆包装-设计稿/1-1涂附-拉绒片-彩盒/涂附-BCG10-BCG10-125MM-50PCS-20240621-V1.pdf,涂附-BCG10-BCG10-125MM-50PCS-20240621-V1.pdf,涂附-BCG10-BCG10-125MM-50PCS-20240621-V1.pdf,涂附,BCG10,BCG10,125,标签,20240621,V1,其他,进行中,,,,f3a1b127e16d614b681dc045192e4c91b86f57e085757c1cb95fde329b198002,,
/Users/zhanghan/Desktop/涂覆包装-设计稿/1-1涂附-拉绒片-彩盒/涂附-BCG10-BCG10-150MM-50PCS-20231117-V1.pdf,涂附-BCG10-BCG10-150MM-50PCS-20231117-V1.pdf,涂附-BCG10-BCG10-150MM-50PCS-20231117-V1.pdf,涂附,BCG10,BCG10,150,标签,20231117,V1,其他,进行中,,,,22c97a002716cbad24b75c1ff173245af98858b3575560a7f8f7c2ecd70537d3,,
/Users/zhanghan/Desktop/涂覆包装-设计稿/1-1涂附-拉绒片-彩盒/涂附-拉绒片-BCG8-150MM-50PCS-20250630-V1.pdf,涂附-拉绒片-BCG8-150MM-50PCS-20250630-V1.pdf,涂附-拉绒片-BCG8-150MM-50PCS-20250630-V1.pdf,涂附,BCG8,BCG8,50PCS,彩盒,20250630,V1,其他,进行中,,,,504d25a64baf22eaa875beab2ee74d7e223ed0b6596a7ce705a92480a4843a70,,
/Users/zhanghan/Desktop/涂覆包装-设计稿/1-1涂附-拉绒片-彩盒/涂附-BD8-待补充-20251027-V1.pdf,涂附-BD8-待补充-20251027-V1.pdf,涂附-BD8-待补充-20251027-V1.pdf,涂附,BD8,BD8,待补充,信封包装,20251027,V1,其他,进行中,,,,2623961f7ba9bedf2553b1b014ff90f1094f28cd17f4944d364a3b5819d2d309,,
/Users/zhanghan/Desktop/涂覆包装-设计稿/1-1涂附-拉绒片-彩盒/涂附-BD8-210X115_210X115M-20251103-V1.pdf,涂附-BD8-210X115_210X115M-20251103-V1.pdf,涂附-BD8-210X115_210X115M-20251103-V1.pdf,涂附,BD8,BD8,210X115_210X115M,信封包装,20251103,V1,其他,进行中,,,,a010cd874835b6756eee4dcef9cc662492a7078d035e15fb50dd57637b604583,,
/Users/zhanghan/Desktop/涂覆包装-设计稿/1-1涂附-拉绒片-彩盒/涂附-BD8-210X115_210X115M-20251111-V1.pdf,涂附-BD8-210X115_210X115M-20251111-V1.pdf,涂附-BD8-210X115_210X115M-20251111-V1.pdf,涂附,BD8,BD8,210X115_210X115M,信封包装,20251111,V1,其他,进行中,,,,8c1ec39fdbd516df2f0570d3e258bed8ae45167f2217e1921d0f0839587ee30d,,
/Users/zhanghan/Desktop/涂覆包装-设计稿/1-1涂附-拉绒片-彩盒/涂附-拉绒片-BD9-29X35-20250909-V1.pdf,涂附-拉绒片-BD9-29X35-20250909-V1.pdf,涂附-拉绒片-BD9老版-未知-30PCS-20250909-V1.pdf,涂附,BD9,BD9,29X35,彩盒,20250909,V1,其他,进行中,,,,3a153df333bc26919a58175757ebe556c61dc8f303b279735cd7ebeb661a1e2b,,
/Users/zhanghan/Desktop/涂覆包装-设计稿/1-1涂附-拉绒片-彩盒/涂附-点修-BD9-老版-20251111-V1.pdf,涂附-点修-BD9-老版-20251111-V1.pdf,涂附-点修-BD9老版-未知-30PCS-20251111-V1.pdf,涂附,BD9,BD9,180X70_20,彩盒,20251111,V1,其他,进行中,,,,33595da8872f5fb4e800b91be2e4cf5651be575ebb31cb2f65f1f3b8e18ba268,,
"/Users/zhanghan/Desktop/涂覆包装-设计稿/1-1涂附-拉绒片-彩盒/涂附-海绵片-BDL9海绵-150MM,多孔-20PCS-20250617-V1.pdf","涂附-海绵片-BDL9海绵-150MM,多孔-20PCS-20250617-V1.pdf","涂附-海绵片-BDL9海绵-150MM,多孔-20PCS-20250617-V1.pdf",涂附,BDL9,BDL9,150,标签,20250617,V1,其他,进行中,,,,5658016ede619d7b6ee7f969a02c7219f4ee6dda493006ffe5e31c41c933d166,,
"/Users/zhanghan/Desktop/涂覆包装-设计稿/1-1涂附-拉绒片-彩盒/涂附-拉绒片-150MM,蝴蝶孔-50PCS-20240722-V1.pdf","涂附-拉绒片-150MM,蝴蝶孔-50PCS-20240722-V1.pdf","涂附-拉绒片-150MM,蝴蝶孔-50PCS-20240722-V1.pdf",涂附,BDL9,BDL9,150,标签,20240722,V1,其他,进行中,,,,10b30c7558b00de00c1f11d3c499c0d44cf03d7d2e64ed045a8c5fe8b5603f17,,
"/Users/zhanghan/Desktop/涂覆包装-设计稿/1-1涂附-拉绒片-彩盒/涂附-拉绒片-BDL9-150MM,15H-100PCS-20231222-V1.pdf","涂附-拉绒片-BDL9-150MM,15H-100PCS-20231222-V1.pdf","涂附-拉绒片-BDL9-150MM,15H-100PCS-20231222-V1.pdf",涂附,BDL9,BDL9,15H,彩盒,20231222,V1,其他,进行中,,,,51e877f81ce6a03dfb0bad735f009de6961d21b6c2556a53fa37a42a7e58ad4a,,
"/Users/zhanghan/Desktop/涂覆包装-设计稿/1-1涂附-拉绒片-彩盒/涂附-拉绒片-BDL9-150MM,蝴蝶孔-50PCS-20230613-V1.pdf","涂附-拉绒片-BDL9-150MM,蝴蝶孔-50PCS-20230613-V1.pdf","涂附-拉绒片-BDL9-150MM,蝴蝶孔-50PCS-20230613-V1.pdf",涂附,BDL9,BDL9,50PCS,彩盒,20230613,V1,亚马逊,进行中,,,,3416586167667996185562ccdf6a445615ccc838b164a2a9af48d75da5858b20,,
/Users/zhanghan/Desktop/涂覆包装-设计稿/1-1涂附-拉绒片-彩盒/涂附-拉绒片-BDL9-150MM，多孔-20250620-V1.pdf,涂附-拉绒片-BDL9-150MM，多孔-20250620-V1.pdf,涂附-拉绒片-BDL9多孔海绵-150MM，多孔-20PCS-20250620-V1.pdf,涂附,BDL9,BDL9,待补充,彩盒,20250620,V1,其他,进行中,,,,467b051aac8d60d70720ae4be6720cf10cb0cdcdc09338c489161f17afa5cdb1,,
/Users/zhanghan/Desktop/涂覆包装-设计稿/1-1涂附-拉绒片-彩盒/涂附-海绵片-150MM，多孔-15pcs-20230912-V1.pdf,涂附-海绵片-150MM，多孔-15pcs-20230912-V1.pdf,涂附-海绵片-150MM，多孔-15pcs-20230912-V1.pdf,涂附,BF12,BF12,150,标签,20230912,V1,其他,进行中,,,,d26340dd50346f750b04982c5a3910f9bedfae59504e13f71d80e4701d9de5fb,,
/Users/zhanghan/Desktop/涂覆包装-设计稿/1-1涂附-拉绒片-彩盒/涂附-拉绒片-BF12-150MM，多孔-15PCS-20230616-V1.pdf,涂附-拉绒片-BF12-150MM，多孔-15PCS-20230616-V1.pdf,涂附-拉绒片-BF12-150MM，多孔-15PCS-20230616-V1.pdf,涂附,BF12,BF12,15PCS,彩盒,20230616,V1,其他,进行中,,,,51d7d152ebff26d3858910b92c527441237e9cccb10f94ffd3fcc6ed46bf7d8b,,
/Users/zhanghan/Desktop/涂覆包装-设计稿/1-1涂附-拉绒片-彩盒/涂附-拉绒片-BF77PRO-150MM，15H-50PCS-20250617-V1.pdf,涂附-拉绒片-BF77PRO-150MM，15H-50PCS-20250617-V1.pdf,涂附-拉绒片-BF77PRO-150MM，15H-50PCS-20250617-V1.pdf,涂附,BF77PRO,BF77PRO,15H,标签,20250617,V1,其他,进行中,,,,cdf0df68f1aeebcaca5b3acf14479350d6de209be6d2de26477a3c46fb0cfe50,,
/Users/zhanghan/Desktop/涂覆包装-设计稿/1-1涂附-拉绒片-彩盒/涂附-拉绒片-BF78-150MM，15H-50PCS-20250617-V1.pdf,涂附-拉绒片-BF78-150MM，15H-50PCS-20250617-V1.pdf,涂附-拉绒片-BF78-150MM，15H-50PCS-20250617-V1.pdf,涂附,BF78,BF78,15H,标签,20250617,V1,其他,进行中,,,,3e16ca3c7c6c3feeb7576793be67ac0e8f5a2e9ca8eefc116db191caf97e5e9c,,
/Users/zhanghan/Desktop/涂覆包装-设计稿/1-1涂附-拉绒片-彩盒/涂附-拉绒片-BF78-150MM，多孔-50PCS-20250715-V1.pdf,涂附-拉绒片-BF78-150MM，多孔-50PCS-20250715-V1.pdf,涂附-拉绒片-BF78-150MM，47H-50PCS-20250715-V1.pdf,涂附,BF78,BF78,50PCS,彩盒,20250715,V1,其他,进行中,,,通用,8230a4d9d2b0ad1e5ce35946f7352d6e4afb82679d52e116a7fd88e774f11c9a,,
/Users/zhanghan/Desktop/涂覆包装-设计稿/1-1涂附-拉绒片-彩盒/涂附-无纺布-无纺布-310X240-20251103-V1.pdf,涂附-无纺布-无纺布-310X240-20251103-V1.pdf,涂附-无纺布-无纺布-310X240-20251103-V1.pdf,涂附,无纺布,无纺布,310X240,彩盒,20251103,V1,其他,进行中,,,通用；单混,4d33e5a3cd208305692eaa5b140d0574ff75947e00ef35b0882ac66f884c479c,,
/Users/zhanghan/Desktop/涂覆包装-设计稿/1-1涂附-拉绒片-彩盒/涂附-海绵块-BS03_BS04Œ-20250825-V1.pdf,涂附-海绵块-BS03_BS04Œ-20250825-V1.pdf,涂附-海绵块-BS03_BS04Œ-20250825-V1.pdf,涂附,BS03,BS03,待补充,标签,20250825,V1,其他,进行中,,,,80744710c30b3010b89e4fb4b7d1af171969e46dbc5547ab0a50a1b97e58e479,,
/Users/zhanghan/Desktop/涂覆包装-设计稿/1-1涂附-拉绒片-彩盒/涂附-拉绒片-拉绒片-待补充-20251222-V1.pdf,涂附-拉绒片-拉绒片-待补充-20251222-V1.pdf,涂附-拉绒片-通用-150MM-15PCS-20251222-V1.pdf,涂附,拉绒片,拉绒片,待补充,彩盒,20251222,V1,其他,进行中,,,,0da4da913ffcf9323b38066122cc8e4fc8a6d4f79c307831584252a85a4385d0,,
/Users/zhanghan/Desktop/涂覆包装-设计稿/1-1涂附-拉绒片-彩盒/涂附-拉绒片-BT77-150MM，15H-50PCS-20250715-V1.pdf,涂附-拉绒片-BT77-150MM，15H-50PCS-20250715-V1.pdf,涂附-拉绒片-BT77(1000以细)-150MM，15H-50PCS-20250715-V1.pdf,涂附,BT77,BT77,50PCS,彩盒,20250715,V1,其他,进行中,,,,d9174bac9968ced2b7d7deacd338e7ba54640cd4bb03152731134f0ad109fe28,,
/Users/zhanghan/Desktop/涂覆包装-设计稿/1-1涂附-拉绒片-彩盒/涂附-拉绒片-BT77-150MM，15H-50PCS-20250704-V1.pdf,涂附-拉绒片-BT77-150MM，15H-50PCS-20250704-V1.pdf,涂附-拉绒片-BT77-150MM，15H-50PCS-20250704-V1.pdf,涂附,BT77,BT77,150_15H,标签,20250704,V1,其他,进行中,,,,f3b788766c160599fab68b128ff6abdc19ba0479b26cb6e75b45b3f619c774bb,,
/Users/zhanghan/Desktop/涂覆包装-设计稿/1-1涂附-拉绒片-彩盒/涂附-拉绒片-BT77-150MM，15H-50PCS-20250611-V1.pdf,涂附-拉绒片-BT77-150MM，15H-50PCS-20250611-V1.pdf,涂附-拉绒片-BT77-150MM，15H-50PCS-20250611-V1.pdf,涂附,BT77,BT77,150_15H,标签,20250611,V1,其他,进行中,,,高度不够,fc6e2724530cf54db98803fa6ca94ede00315e83e59f7ee7ac25cb86140e2ca7,,
/Users/zhanghan/Desktop/涂覆包装-设计稿/1-1涂附-拉绒片-彩盒/涂附-拉绒卷-BT77-70mmX12m-20250620-V1.pdf,涂附-拉绒卷-BT77-70mmX12m-20250620-V1.pdf,涂附-卷-BT77-70mmX12m-1PCS-20250620-V1.pdf,涂附,BT77,BT77,70X12,彩盒,20250620,V1,其他,进行中,FPD10032,,,11985d8a27bef78e9e182b9fc3fa762fbda819d9ea56850c12e4bfbf5ff9bd0c,,
"/Users/zhanghan/Desktop/涂覆包装-设计稿/1-1涂附-拉绒片-彩盒/涂附-拉绒条-BT77-70X198_20MM,通用-25PCS-20250715-V1.pdf","涂附-拉绒条-BT77-70X198_20MM,通用-25PCS-20250715-V1.pdf","涂附-条-BT77-70X198_20MM,通用-25PCS-20250715-V1.pdf",涂附,BT77,BT77,70X198-70X420_70X198,彩盒,20250715,V1,其他,进行中,,,,496794c360c158c61201ec9695e5b24d1cbdc399013713402b2bb7667c065135,,
/Users/zhanghan/Desktop/涂覆包装-设计稿/1-1涂附-拉绒片-彩盒/涂附-胶条-EMT1-EMT1-20240109-V1.pdf,涂附-胶条-EMT1-EMT1-20240109-V1.pdf,涂附-胶条-EMT1-EMT1-20240109-V1.pdf,涂附,EMT1,EMT1,待补充,彩盒,20240109,V1,其他,进行中,FPD10016,,,5b79d69926dbc593c1f3f50520ccffc1ea6b5e3a0541752274beb988ee95ba12,,
/Users/zhanghan/Desktop/涂覆包装-设计稿/1-1涂附-拉绒片-彩盒/涂附-点修-FPD00004-32mm-500PCS-20230613-V1.pdf,涂附-点修-FPD00004-32mm-500PCS-20230613-V1.pdf,涂附-点修-FPD00004-32mm-500PCS-20230613-V1.pdf,涂附,拉绒片,拉绒片,32,彩盒,20230613,V1,其他,进行中,FPD00004,,,9e26aad2de964f5b4c29abc24a145a8d2b821e458f83cfc11732d5987e7574c0,,
"/Users/zhanghan/Desktop/涂覆包装-设计稿/1-1涂附-拉绒片-彩盒/涂附-拉绒片-b65-125mm,8h-100PCS-20230616-V1.pdf","涂附-拉绒片-b65-125mm,8h-100PCS-20230616-V1.pdf","涂附-拉绒片-B65-125MM,8H-100PCS-20230616-V1.pdf",涂附,F65,F65,8H,彩盒,20230616,V1,其他,进行中,FPD00006,,混装,a22aea0095105c4c2cadd315b6685bce6f14663867fd9c055a61119257a43a03,,
/Users/zhanghan/Desktop/涂覆包装-设计稿/1-1涂附-拉绒片-彩盒/涂附-拉绒片-b65-150MM，15H-100PCS-20230616-V1.pdf,涂附-拉绒片-b65-150MM，15H-100PCS-20230616-V1.pdf,涂附-拉绒片-B65-150MM，15H-100PCS-20230616-V1.pdf,涂附,F65,F65,15H,彩盒,20230616,V1,其他,进行中,FPD00007,,混装,c4eef17d68f5db4dba2ce53f373d1db8c332a338ba0430bc73619f5596ea195b,,
/Users/zhanghan/Desktop/涂覆包装-设计稿/1-1涂附-拉绒片-彩盒/涂附-砂纸卷-FPD00008-70mmX18M-20230616-V1.pdf,涂附-砂纸卷-FPD00008-70mmX18M-20230616-V1.pdf,涂附-卷-B66-70mmX18M-20230616-V1.pdf,涂附,F15,F15,70X18M,彩盒,20230616,V1,其他,进行中,FPD00008,,,6713d0bfad2a5bd95fb1a8c537ca28a6b91c8ee72b6dba2942455495f6afcf33,,
/Users/zhanghan/Desktop/涂覆包装-设计稿/1-1涂附-拉绒片-彩盒/涂附-拉绒卷-BDL9-115mmX12M-20230616-V1.pdf,涂附-拉绒卷-BDL9-115mmX12M-20230616-V1.pdf,涂附-卷-BDL9-115mmX12M-20230616-V1.pdf,涂附,F737,F737,115X12M,彩盒,20230616,V1,其他,进行中,FPD00009,,,7e5546088428a692e80e3374a3bfb587b2fe080e593528c2607bca54bc2fe3d8,,
/Users/zhanghan/Desktop/涂覆包装-设计稿/1-1涂附-拉绒片-彩盒/涂附-拉绒片-FPD00011-36PCS-36PCS-20230616-V1.pdf,涂附-拉绒片-FPD00011-36PCS-36PCS-20230616-V1.pdf,涂附-条-FPD00011-90PCS-36PCS-20230616-V1.pdf,涂附,拉绒片,拉绒片,36PCS,彩盒,20230616,V1,其他,进行中,FPD00011,,,439125aae69d79841184c10f6932d8f1049101fd5a157092329607fc2f8bf715,,
/Users/zhanghan/Desktop/涂覆包装-设计稿/1-1涂附-拉绒片-彩盒/涂附-拉绒片-FPD00012-42PCS-42PCS-20230616-V1.pdf,涂附-拉绒片-FPD00012-42PCS-42PCS-20230616-V1.pdf,涂附-条-FPD00012-90PCS-42PCS-20230616-V1.pdf,涂附,拉绒片,拉绒片,42PCS,彩盒,20230616,V1,其他,进行中,FPD00012,,,9c1af5ffd5fdd0690348f78612a9fd941ed0734333b7ea44edaa9dcc363ab8a7,,
/Users/zhanghan/Desktop/涂覆包装-设计稿/1-1涂附-拉绒片-彩盒/涂附-拉绒片-FPD00013-90PCS-90PCS-20230616-V1.pdf,涂附-拉绒片-FPD00013-90PCS-90PCS-20230616-V1.pdf,涂附-条-FPD00013-90PCS-90PCS-20230616-V1.pdf,涂附,拉绒片,拉绒片,90PCS,彩盒,20230616,V1,其他,进行中,FPD00013,,,bb3ee02521bc72f728f4bac3a1992b486f389f61dcfdedcf65f80c286a64676d,,
/Users/zhanghan/Desktop/涂覆包装-设计稿/1-1涂附-拉绒片-彩盒/涂附-拉绒片-BDL9-150MM，15H-100PCS-20230616-V1.pdf,涂附-拉绒片-BDL9-150MM，15H-100PCS-20230616-V1.pdf,涂附-拉绒片-BDL9-150MM，15H-100PCS-20230616-V1.pdf,涂附,F737,F737,15H,彩盒,20230616,V1,其他,进行中,FPD00014,,混装,18346a009cdd84fc337334754eebb4418f4a0e20054c35fa87fb441e54bc7911,,
/Users/zhanghan/Desktop/涂覆包装-设计稿/1-1涂附-拉绒片-彩盒/涂附-F65-FPD00015-70X18M-20231107-V1.pdf,涂附-F65-FPD00015-70X18M-20231107-V1.pdf,涂附-F65-FPD00015-70X18M-20231107-V1.pdf,涂附,F65,F65,70X18M,规格标签,20231107,V1,其他,进行中,FPD00015,,,734d6f11540e458045dbc0cf39e4bf7d1c38c852cd4c0538272280409d5458f3,,
/Users/zhanghan/Desktop/涂覆包装-设计稿/1-1涂附-拉绒片-彩盒/涂附-F65-FPD00015-70X18M-20230616-V1.pdf,涂附-F65-FPD00015-70X18M-20230616-V1.pdf,涂附-卷-B65-70X18M-1ROLL-20230616-V1.pdf,涂附,F65,F65,70X18M,彩盒,20230616,V1,其他,进行中,FPD00015,,,c7907446e8fa0550e969579d6ff914a66c8f09f123e8271f869bdf6251989c0d,,
/Users/zhanghan/Desktop/涂覆包装-设计稿/1-1涂附-拉绒片-彩盒/涂附-b65-b65-70X125M_125-25PCS-20230616-V1.pdf,涂附-b65-b65-70X125M_125-25PCS-20230616-V1.pdf,涂附-条-B65-70MMX125M-25PCS-20230616-V1.pdf,涂附,F65,F65,70X125M_125,彩盒,20230616,V1,其他,进行中,FPD00016,,,67514c2ec529f4e3fdd3d9e7057e602054516c0b99356697e0351a4c8940afac,,
"/Users/zhanghan/Desktop/涂覆包装-设计稿/1-1涂附-拉绒片-彩盒/涂附-拉绒片-B15-125MM,8H-50PCS-20230616-V1.pdf","涂附-拉绒片-B15-125MM,8H-50PCS-20230616-V1.pdf","涂附-拉绒片-B15-125MM,8H-50PCS-20230616-V1.pdf",涂附,F15,F15,8H,彩盒,20230616,V1,其他,进行中,FPD00017,,混装,bb8b40cf6a554ffa539fdc1f08482c43579685cdaa7f98504652028b572a9c08,,
/Users/zhanghan/Desktop/涂覆包装-设计稿/1-1涂附-拉绒片-彩盒/涂附-BD9-BD9-155X83_20-20251217-V1.pdf,涂附-BD9-BD9-155X83_20-20251217-V1.pdf,涂附-BD9-BD9老版-未知-30PCS-20251217-V1.pdf,涂附,BD9,BD9,155X83_20,彩盒,20251217,V1,其他,进行中,,,,fbf627c4d346d3b57afe0edc8e73ea267dbed22a646b5d523b9591e0435ea92a,,
"/Users/zhanghan/Desktop/涂覆包装-设计稿/1-1涂附-拉绒片-彩盒/涂附-拉绒片-暂无-115mm,十字孔-25PCS-20241115-V1.pdf","涂附-拉绒片-暂无-115mm,十字孔-25PCS-20241115-V1.pdf","涂附-拉绒片-暂无-115MM,十字孔-25PCS-20241115-V1.pdf",涂附,拉绒片,拉绒片,25PCS,彩盒,20241115,V1,其他,进行中,,,,3b9bc131cc5f969fb16d27e842ace2b64c57fc5d316a40995e54d99cf3ada451,,
"/Users/zhanghan/Desktop/涂覆包装-设计稿/1-1涂附-拉绒片-彩盒/涂附-钢纸磨片-无-115mm,圆孔-20251009-V1.pdf","涂附-钢纸磨片-无-115mm,圆孔-20251009-V1.pdf","涂附-钢纸磨片-暂无-115MM,圆孔-25PCS-20251009-V1.pdf",涂附,拉绒片,拉绒片,待补充,彩盒,20251009,V1,其他,进行中,,,,28fc2907f5ae5b05e1f4fb2c3271663b006b782e5c6212298b7420663e006dac,,
"/Users/zhanghan/Desktop/涂覆包装-设计稿/1-2涂附-10pcs挂卡彩盒/涂附-拉绒片-A15-115mm,0h-10PCS-20250617-V1.pdf","涂附-拉绒片-A15-115mm,0h-10PCS-20250617-V1.pdf","涂附-拉绒片-A15-115MM,0H-10PCS-20250617-V1.pdf",涂附,A15,A15,10PCS,彩盒,20250617,V1,其他,进行中,,,,023ee0c08430bff41862db2448ec4b925d7aa5858548798f1158b25cd9d7695b,,
"/Users/zhanghan/Desktop/涂覆包装-设计稿/1-2涂附-10pcs挂卡彩盒/涂附-拉绒片-A15-125mm,0h-20250617-V1.pdf","涂附-拉绒片-A15-125mm,0h-20250617-V1.pdf","涂附-拉绒片-A15-125MM,0H-10PCS-20250617-V1.pdf",涂附,A15,A15,125_0H,彩盒,20250617,V1,其他,进行中,,,,32b916e81f1eaaa33e4819562a9b2b2c5dcfbf0a16401ae605565471a819adad,,
/Users/zhanghan/Desktop/涂覆包装-设计稿/1-2涂附-10pcs挂卡彩盒/涂附-拉绒片-150mm-5pcs-20250617-V1.pdf,涂附-拉绒片-150mm-5pcs-20250617-V1.pdf,涂附-拉绒片-B-TRI3-150MM-5pcs-20250617-V1.pdf,涂附,TRI3,TRI3,待补充,彩盒,20250617,V1,其他,进行中,,,,c85221082ade3de011ac0683337b2871b8f6e2602ab2c24eb55198c67d0134b7,,
"/Users/zhanghan/Desktop/涂覆包装-设计稿/1-2涂附-10pcs挂卡彩盒/涂附-拉绒片-B25-125mm,0h-10pcs-20250617-V1.pdf","涂附-拉绒片-B25-125mm,0h-10pcs-20250617-V1.pdf","涂附-拉绒片-B25-125MM,0H-10PCS-20250617-V1.pdf",涂附,B25,B25,待补充,彩盒,20250617,V1,其他,进行中,,,,f3cb7110b8e425a08f018edf65a7b9ddbc8d25d1a6fbb1e1cc57e691975c6652,,
/Users/zhanghan/Desktop/涂覆包装-设计稿/1-2涂附-10pcs挂卡彩盒/涂附-拉绒片-B25-150mm，15H-10pcs-20250617-V1.pdf,涂附-拉绒片-B25-150mm，15H-10pcs-20250617-V1.pdf,涂附-拉绒片-B25-150mm，15H-10PCS-20250617-V1.pdf,涂附,B25,B25,150_15H,彩盒,20250617,V1,其他,进行中,,,,605326692014c27715013b524eaa274f224b8b6dabc83e7c8ec7e33694470f0f,,
"/Users/zhanghan/Desktop/涂覆包装-设计稿/1-2涂附-10pcs挂卡彩盒/涂附-拉绒片-B550-125mm,0h-10pcs-20250617-V1.pdf","涂附-拉绒片-B550-125mm,0h-10pcs-20250617-V1.pdf","涂附-拉绒片-B550-125mm,0h-10PCS-20250617-V1.pdf",涂附,B550,B550,待补充,彩盒,20250617,V1,其他,进行中,,,,8c1693e3cd3903e8fbd4cdd7680c446d63f76d82d41d55f14b0fe06fde59228c,,
/Users/zhanghan/Desktop/涂覆包装-设计稿/1-2涂附-10pcs挂卡彩盒/涂附-拉绒片-B550-150mm，15H-10pcs-20250617-V1.pdf,涂附-拉绒片-B550-150mm，15H-10pcs-20250617-V1.pdf,涂附-拉绒片-B550-150MM，15H-10PCS-20250617-V1.pdf,涂附,B550,B550,150_15H,彩盒,20250617,V1,其他,进行中,,,,ee132cce0d8389047497833c1490e3ddba17ed796324e28da302ec173ace7ec8,,
"/Users/zhanghan/Desktop/涂覆包装-设计稿/1-2涂附-10pcs挂卡彩盒/涂附-拉绒片-B65-125mm,0h-10pcs-20250617-V1.pdf","涂附-拉绒片-B65-125mm,0h-10pcs-20250617-V1.pdf","涂附-拉绒片-B65-125MM,0H-10PCS-20250617-V1.pdf",涂附,B65,B65,待补充,彩盒,20250617,V1,其他,进行中,,,,b9f647fbbcaaed6913d6ac71f9b174ca929e8904064ebda7f7ff57dfc82ca942,,
/Users/zhanghan/Desktop/涂覆包装-设计稿/1-2涂附-10pcs挂卡彩盒/涂附-拉绒片-B65-150mm，15H-10pcs-20250617-V1.pdf,涂附-拉绒片-B65-150mm，15H-10pcs-20250617-V1.pdf,涂附-拉绒片-B65-150mm，15H-10PCS-20250617-V1.pdf,涂附,B65,B65,150_15H,彩盒,20250617,V1,其他,进行中,,,,6ea57c2d1fb83a8002606448d214d76692a101e1eb111141ecebf13b252b3f62,,
/Users/zhanghan/Desktop/涂覆包装-设计稿/1-2涂附-10pcs挂卡彩盒/涂附-拉绒片-B65-225mm，多孔-10pcs-20250619-V1.pdf,涂附-拉绒片-B65-225mm，多孔-10pcs-20250619-V1.pdf,涂附-拉绒片-B65-225mm，多孔-10PCS-20250619-V1.pdf,涂附,B65,B65,待补充,彩盒,20250619,V1,其他,进行中,,,,a459f7f40a3b9d9bebc753ade4a229b063243fa3a67c62fe4cdad806e2d03aea,,
/Users/zhanghan/Desktop/涂覆包装-设计稿/1-2涂附-10pcs挂卡彩盒/涂附-网格砂-BCG10-125mm-10pcs-20250617-V1.pdf,涂附-网格砂-BCG10-125mm-10pcs-20250617-V1.pdf,涂附-网格砂-BCG10-125mm-10PCS-20250617-V1.pdf,涂附,BCG10,BCG10,待补充,彩盒,20250617,V1,其他,进行中,,,,84831979c779f23d8c2d55f90131e11788c44fcab76ff9c1415721d4300e8041,,
/Users/zhanghan/Desktop/涂覆包装-设计稿/1-2涂附-10pcs挂卡彩盒/涂附-网格砂-BCG10-150mm-10pcs-20250617-V1.pdf,涂附-网格砂-BCG10-150mm-10pcs-20250617-V1.pdf,涂附-网格砂-BCG10-150mm-10PCS-20250617-V1.pdf,涂附,BCG10,BCG10,待补充,彩盒,20250617,V1,其他,进行中,,,,da954909b26825e02285d21c53aa611c1fcb7ddbd5674d9b121c942481b22261,,
/Users/zhanghan/Desktop/涂覆包装-设计稿/1-2涂附-10pcs挂卡彩盒/涂附-网格砂-BCG8-125mm-10pcs-20250617-V1.pdf,涂附-网格砂-BCG8-125mm-10pcs-20250617-V1.pdf,涂附-网格砂-BCG8-125mm-10PCS-20250617-V1.pdf,涂附,BCG8,BCG8,待补充,彩盒,20250617,V1,其他,进行中,,,,e60b92b9f8e8a7eaa53541852322bc62f3b51e9d58a6ac3c9cd1b0abf9fcada5,,
/Users/zhanghan/Desktop/涂覆包装-设计稿/1-2涂附-10pcs挂卡彩盒/涂附-网格砂-BCG8-150mm-10pcs-20250617-V1.pdf,涂附-网格砂-BCG8-150mm-10pcs-20250617-V1.pdf,涂附-网格砂-BCG8-150mm-10PCS-20250617-V1.pdf,涂附,BCG8,BCG8,待补充,彩盒,20250617,V1,其他,进行中,,,,0a339b64a6d05c4f7b4a128ae7c236c63efe6589479f089610cf703a5e9b4b78,,
/Users/zhanghan/Desktop/涂覆包装-设计稿/1-2涂附-10pcs挂卡彩盒/涂附-拉绒片-BDL9-125mm，8H-10pcs-20250617-V1.pdf,涂附-拉绒片-BDL9-125mm，8H-10pcs-20250617-V1.pdf,涂附-拉绒片-BDL9-125MM，8H-10PCS-20250617-V1.pdf,涂附,BDL9,BDL9,125_8H,彩盒,20250617,V1,其他,进行中,,,,5a16fa7cd07ab0cf4361f9cd56422e64ab4cb9aa24183ad6ef12124fb6f672b8,,
"/Users/zhanghan/Desktop/涂覆包装-设计稿/1-2涂附-10pcs挂卡彩盒/涂附-拉绒片-BDL9-125mm,0h-10pcs-20250617-V1.pdf","涂附-拉绒片-BDL9-125mm,0h-10pcs-20250617-V1.pdf",涂附-拉绒片-BDL9-125MM，0H-10PCS-20250617-V1.pdf,涂附,BDL9,BDL9,待补充,彩盒,20250617,V1,其他,进行中,,,,a5a6259a42cd68a02221972d367631214263db99f4b86d8910774a53f4ebd5b2,,
/Users/zhanghan/Desktop/涂覆包装-设计稿/1-2涂附-10pcs挂卡彩盒/涂附-拉绒片-BDL9-150mm，15H-10pcs-20250617-V1.pdf,涂附-拉绒片-BDL9-150mm，15H-10pcs-20250617-V1.pdf,涂附-拉绒片-BDL9-150MM，15H-10PCS-20250617-V1.pdf,涂附,BDL9,BDL9,150_15H,彩盒,20250617,V1,其他,进行中,,,,73328d96d6a5bb2abd12b614d4e309c6471e16cd814ce78b1d0ecf68ae8b8040,,
/Users/zhanghan/Desktop/涂覆包装-设计稿/1-2涂附-10pcs挂卡彩盒/涂附-拉绒片-BDL9-150mm，旋风孔-10pcs-20250617-V1.pdf,涂附-拉绒片-BDL9-150mm，旋风孔-10pcs-20250617-V1.pdf,"涂附-拉绒片-BDL9-150MM,蝴蝶孔-10PCS-20250617-V1.pdf",涂附,BDL9,BDL9,待补充,彩盒,20250617,V1,其他,进行中,,,,2893624ea332fc7da0affb4e7a6b0cbfb09efc93e2af3178918c09775820fbbb,,
/Users/zhanghan/Desktop/涂覆包装-设计稿/1-2涂附-10pcs挂卡彩盒/涂附-拉绒片-BDL9海绵片-150mm，多孔海绵-5pcs-20250617-V1.pdf,涂附-拉绒片-BDL9海绵片-150mm，多孔海绵-5pcs-20250617-V1.pdf,涂附-拉绒片-BDL9多孔海绵-150mm-5pcs-20250617-V1.pdf,涂附,BDL9,BDL9,待补充,彩盒,20250617,V1,其他,进行中,,,,5afce9d6cb76170163b68267b6b2abda94acc5feaffa7c68517ce6346a750df4,,
/Users/zhanghan/Desktop/涂覆包装-设计稿/1-2涂附-10pcs挂卡彩盒/涂附-拉绒片-BF77-150mm，15H-10pcs-20250617-V1.pdf,涂附-拉绒片-BF77-150mm，15H-10pcs-20250617-V1.pdf,涂附-拉绒片-BF77-150mm，15H-10PCS-20250617-V1.pdf,涂附,BF77,BF77,150_15H,彩盒,20250617,V1,其他,进行中,,,,62d9a9362498b5bc1f37d704538ed6aa27eef9347a28f7785f92902b16b35b04,,
/Users/zhanghan/Desktop/涂覆包装-设计稿/1-2涂附-10pcs挂卡彩盒/涂附-拉绒片-BF78-150mm，15H-10pcs-20250617-V1.pdf,涂附-拉绒片-BF78-150mm，15H-10pcs-20250617-V1.pdf,涂附-拉绒片-BF78-150mm，15H-10PCS-20250617-V1.pdf,涂附,BF78,BF78,150_15H,彩盒,20250617,V1,其他,进行中,,,,a2031b8a08f474931b7405870389b9ed3ac03e23fda30ed5e15765d48af8e27d,,
/Users/zhanghan/Desktop/涂覆包装-设计稿/1-2涂附-10pcs挂卡彩盒/涂附-拉绒片-BT77-150mm，15H-10pcs-20250617-V1.pdf,涂附-拉绒片-BT77-150mm，15H-10pcs-20250617-V1.pdf,涂附-拉绒片-BT77-150mm，15H-10PCS-20250617-V1.pdf,涂附,BT77,BT77,150_15H,彩盒,20250617,V1,其他,进行中,,,,9670b16517e7bdf91eb223e2ac7827a06ec9cc695239fe0a9d14e534d3d21290,,
/Users/zhanghan/Desktop/涂覆包装-设计稿/1-2涂附-10pcs挂卡彩盒/涂附-海绵块-BS03_BS04-BS03_BS04-20PCS-20250620-V1.pdf,涂附-海绵块-BS03_BS04-BS03_BS04-20PCS-20250620-V1.pdf,涂附-海绵块-BS03_BS04-_-20PCS-20250620-V1.pdf,涂附,海绵块,待补充,待补充,彩盒,20250620,V1,其他,进行中,,,,33deb7e9a2aa2868c1c7bf24e9038105e06bc7e94f792c0dc5f432c186af0b37,,
/Users/zhanghan/Desktop/涂覆包装-设计稿/1-4涂附-海绵类-彩盒/涂附-海绵块-12PCS-12PCS-20251104-V1.pdf,涂附-海绵块-12PCS-12PCS-20251104-V1.pdf,涂附-海绵块-BS03-98X120X13MM-12PCS-20251104-V1.pdf,涂附,海绵块,待补充,12PCS,彩盒,20251104,V1,其他,进行中,,,,ea31dc62727f8b1ae2155834822e5e5e79937e099e0c6f21c174c45fb48e5cb9,,
/Users/zhanghan/Desktop/涂覆包装-设计稿/1-4涂附-海绵类-彩盒/涂附-海绵块-9PCS-9PCS-20251104-V1.pdf,涂附-海绵块-9PCS-9PCS-20251104-V1.pdf,涂附-海绵块-BS04-70X98X25MM-9PCS-20251104-V1.pdf,涂附,海绵块,待补充,9PCS,彩盒,20251104,V1,其他,进行中,,,,c26b6e05f475fe2c4e8029e0545af9e1b2c7bc04db5a477bd6c108cdb3d6917c,,
/Users/zhanghan/Desktop/涂覆包装-设计稿/1-4涂附-海绵类-彩盒/涂附-海绵片-B-TRI3-150MM-15PCS-20250625-V1.pdf,涂附-海绵片-B-TRI3-150MM-15PCS-20250625-V1.pdf,涂附-海绵片-B-TRI3-150MM-15PCS-20250625-V1.pdf,涂附,TRI3,TRI3,150,标签,20250625,V1,其他,进行中,,,,c17b95b3231a00f72cb6f5628a31d1dddfccab5f1fc50133190a7fa42db3c643,,
/Users/zhanghan/Desktop/涂覆包装-设计稿/1-4涂附-海绵类-彩盒/涂附-TRI3-150MM-15PCS-20230811-V1.pdf,涂附-TRI3-150MM-15PCS-20230811-V1.pdf,涂附-TRI3-150MM-15PCS-20230811-V1.pdf,涂附,TRI3,TRI3,15PCS,标签,20230811,V1,其他,进行中,,,,a18b25560cf1348dcc4292d8d0188f945e9e5e25dc9c3be41568051a2a776eb6,,
/Users/zhanghan/Desktop/涂覆包装-设计稿/1-4涂附-海绵类-彩盒/涂附-BS03-BS03-20251121-V1.pdf,涂附-BS03-BS03-20251121-V1.pdf,涂附-海绵块-BS03-98X120X13MM-12PCS-20251121-V1.pdf,涂附,BS03,BS03,250X210,彩盒,20251121,V1,其他,进行中,,,,deea1b6fd594de3b0d21e03b4d80e45da40e6cec00175abcaf83c5fa680bf991,,
/Users/zhanghan/Desktop/涂覆包装-设计稿/1-4涂附-海绵类-彩盒/涂附-BS04-BS04-20251121-V1.pdf,涂附-BS04-BS04-20251121-V1.pdf,涂附-海绵块-BS04-70X98X25MM-9PCS-20251121-V1.pdf,涂附,BS04,BS04,310X230_40,彩盒,20251121,V1,其他,进行中,,,,4948bf97742b7066665d14bde544214cb7ea40a850fbcfa9768608df2bceefe0,,
/Users/zhanghan/Desktop/涂覆包装-设计稿/1-5涂附-卷装/涂附-X20-待补充-20260203-V1.pdf,涂附-X20-待补充-20260203-V1.pdf,涂附-X20-待补充-20260203-V1.pdf,涂附,X20,X20,待补充,刀模图,20260203,V1,其他,进行中,,,,3b9241a6acfd7da8070b51885b1de06d0ea36dd46a786c5b199dba033cc130f9,,
/Users/zhanghan/Desktop/涂覆包装-设计稿/1-5涂附-卷装/涂附-X20-暂无-待补充-20260210-V1.pdf,涂附-X20-暂无-待补充-20260210-V1.pdf,涂附-卷-_-1X20'X4-4ROLL-20260210-V1.pdf,涂附,X20,X20,待补充,彩盒,20260210,V1,其他,进行中,,,,4ebc0316bb36d3a0ce2a3b6a675d830f4850e714c556ca779e553a24e37139bf,,
/Users/zhanghan/Desktop/涂覆包装-设计稿/1-5涂附-卷装/涂附-A10R-100X130_100X130M-20260512-V1.pdf,涂附-A10R-100X130_100X130M-20260512-V1.pdf,涂附-卷-A10-100MMX130M-1ROLL-20260512-V1.pdf,涂附,A10R,A10R,100X130_100X130M,彩盒,20260512,V1,其他,进行中,,,,8ecfb3cec00d1d64e0aaac04358483ac0f700fddef63f35de5893ffd0fa8af1a,,
/Users/zhanghan/Desktop/涂覆包装-设计稿/1-5涂附-卷装/涂附-B10R-100X130_100X130M-20260512-V1.pdf,涂附-B10R-100X130_100X130M-20260512-V1.pdf,涂附-卷-B10-100MMX130M-1ROLL-20260512-V1.pdf,涂附,B10R,B10R,100X130_100X130M,彩盒,20260512,V1,其他,进行中,,,,85ebda39f370af01b484409f7f32ee4014cda6bcfcb5466a517aba747dbaf659,,
/Users/zhanghan/Desktop/涂覆包装-设计稿/1-5涂附-卷装/涂附-B65R-100X130_100X130M-20260512-V1.pdf,涂附-B65R-100X130_100X130M-20260512-V1.pdf,涂附-卷-B65-100MMX130M-1ROLL-20260512-V1.pdf,涂附,B65R,B65R,100X130_100X130M,彩盒,20260512,V1,其他,进行中,,,,e62a1077ebf372a7ccc26579672d7ca2707c6ff046ee12cf10bbf3755dc01b6e,,
/Users/zhanghan/Desktop/涂覆包装-设计稿/1-5涂附-卷装/涂附-BCG10-70X12M-20240705-V1.pdf,涂附-BCG10-70X12M-20240705-V1.pdf,涂附-BCG10-70X12M-20240705-V1.pdf,涂附,BCG10,BCG10,70X12M,标签,20240705,V1,其他,进行中,,,,c4cdf1154fc0cb6633258626dec2c1234df68270f23cb4b0a12f44ca3209b59d,,
/Users/zhanghan/Desktop/涂覆包装-设计稿/1-5涂附-卷装/涂附-BD8-待补充-20250625-V1.pdf,涂附-BD8-待补充-20250625-V1.pdf,涂附-BD8-待补充-20250625-V1.pdf,涂附,BD8,BD8,待补充,标签,20250625,V1,其他,进行中,,,,dd0c65f6e310580915f16f7035223fcf373bbf4842867da1bd9100e41f5dafc8,,
/Users/zhanghan/Desktop/涂覆包装-设计稿/1-5涂附-卷装/涂附-BDL9-70MMX12M-20250619-V1.pdf,涂附-BDL9-70MMX12M-20250619-V1.pdf,涂附-BDL9-70MMX12M-20250619-V1.pdf,涂附,BDL9,BDL9,70X12,标签,20250619,V1,其他,进行中,,,新款,1ef7bf69bdc9714f81ad5d07296ee9b1da80b3c5ae556ed83635ac72a6f9bd49,,
/Users/zhanghan/Desktop/涂覆包装-设计稿/1-5涂附-卷装/涂附-拉绒卷-BRV9-70MMX12M-1pcs-20230616-V1.pdf,涂附-拉绒卷-BRV9-70MMX12M-1pcs-20230616-V1.pdf,涂附-拉绒卷-BRV9-70MMX12M-1ROLL-20230616-V1.pdf,涂附,BRV9,BRV9,70X12_70X12M,彩盒,20230616,V1,其他,进行中,,,,351a834fbcb9eeb83abefa8f799b5acff99f082e8241b6d751cb7ec47eb6e3e4,,
/Users/zhanghan/Desktop/涂覆包装-设计稿/1-5涂附-卷装/涂附-海绵卷-BSR25-115X25M-1pcs-20250620-V1.pdf,涂附-海绵卷-BSR25-115X25M-1pcs-20250620-V1.pdf,涂附-海绵卷-BSR25-115X25M-1ROLL-20250620-V1.pdf,涂附,BSR25,BSR25,115X25_120,彩盒,20250620,V1,其他,进行中,,,宽度120mm正好,5501f79dc04f4c99cb4bb46a7f0d25db1d71e646a05846c2684c04c91c364e30,,
/Users/zhanghan/Desktop/涂覆包装-设计稿/1-5涂附-卷装/涂附-BSR25-115X25M-20240516-V1.pdf,涂附-BSR25-115X25M-20240516-V1.pdf,涂附-BSR25-115X25M-20240516-V1.pdf,涂附,BSR25,BSR25,115X25_115X25M,标签,20240516,V1,其他,进行中,,,偏大,8bcc084b3a50b858f8023ba104bf58e45acc8f7146bd754b92309272aab6906a,,
/Users/zhanghan/Desktop/涂覆包装-设计稿/1-5涂附-卷装/涂附-拉绒卷-BRV9-70MMX12M-1pcs-20260202-V1.pdf,涂附-拉绒卷-BRV9-70MMX12M-1pcs-20260202-V1.pdf,涂附-拉绒卷-BRV9-70MMX12M-1ROLL-20260202-V1.pdf,涂附,V字卷,V字卷,145X80,彩盒,20260202,V1,其他,进行中,,,,ae9ec23b5038203b7c7c35d8e03995f37dd910e545b6a063ea8258aff7e7971a,,
/Users/zhanghan/Desktop/涂覆包装-设计稿/1-5涂附-卷装/涂附-V字卷-待补充-20250714-V1.pdf,涂附-V字卷-待补充-20250714-V1.pdf,涂附-V字卷-待补充-20250714-V1.pdf,涂附,V字卷,V字卷,待补充,刀模图,20250714,V1,其他,进行中,,,,2a51fd14518101bf2afc12bc3b8b3b21623e59f882e4d983add6e88002780b12,,
/Users/zhanghan/Desktop/涂覆包装-设计稿/1-5涂附-卷装/涂附-手撕砂布卷-20260330-V1.pdf,涂附-手撕砂布卷-20260330-V1.pdf,涂附-卷-_-1''x15FT-1ROLL-20260330-V1.pdf,涂附,手撕砂布卷,手撕砂布卷,待补充,彩盒,20260330,V1,其他,进行中,,,,506c9671471e55fa41f6ea93d00fe43d008fb8476bb632c5a7b5e53964e305a3,,
/Users/zhanghan/Desktop/涂覆包装-设计稿/1-5涂附-卷装-彩盒/涂附-拉绒卷-BRV9-70MMX12M-20260325-V1.pdf,涂附-拉绒卷-BRV9-70MMX12M-20260325-V1.pdf,涂附-拉绒卷-BRV9-70MMX12M-1ROLL-20260325-V1.pdf,涂附,V字卷,V字卷,待补充,彩盒,20260325,V1,其他,进行中,,,,8b66be62a9e3fa3064e594285ca2f289368cb12addfde223beeef9bddbe218ba,,
/Users/zhanghan/Desktop/涂覆包装-设计稿/1-6涂附-缓冲垫 手擦板等/涂附--BAC02-2PCS-2PCS-20250715-V1.pdf,涂附--BAC02-2PCS-2PCS-20250715-V1.pdf,涂附-缓冲垫-BAC02-2PCS-2PCS-20250715-V1.pdf,涂附,BAC02,BAC02,2PCS,彩盒,20250715,V1,其他,进行中,,,通用,5f0607324198cb5dc822354d2e5bdac29c016c4043f6097fa811f2ec12ece47f,,
/Users/zhanghan/Desktop/涂覆包装-设计稿/1-6涂附-缓冲垫 手擦板等/涂附-FBP1-1PCS-1PCS-20250715-V1.pdf,涂附-FBP1-1PCS-1PCS-20250715-V1.pdf,涂附-缓冲垫-FBP1-1PCS-1PCS-20250715-V1.pdf,涂附,FBP1,FBP1,1PCS,彩盒,20250715,V1,其他,进行中,,,,625e082f3c1c190ac2a93440f610811cb65de59f2595fcb915f16d565d1a38f4,,
/Users/zhanghan/Desktop/涂覆包装-设计稿/1-7涂附-标签/涂附-BD8-待补充-20250714-V1.pdf,涂附-BD8-待补充-20250714-V1.pdf,涂附-BD8-待补充-20250714-V1.pdf,涂附,BD8,BD8,待补充,规格标签,20250714,V1,其他,进行中,,,,4d63606d1fa8f5238fb183d4b9a80118da573b2057a76fccd870532c49bf5f38,,
/Users/zhanghan/Desktop/涂覆包装-设计稿/1-7涂附-标签/涂附-拉绒片-待补充-20250305-V1.pdf,涂附-拉绒片-待补充-20250305-V1.pdf,涂附-拉绒片-待补充-20250305-V1.pdf,涂附,拉绒片,拉绒片,待补充,规格标签,20250305,V1,其他,进行中,,,,f6e58f08240abfef7236265f51f5b09b7e6c6a0bf1de0569a37f23fdbfce5869,,
/Users/zhanghan/Desktop/涂覆包装-设计稿/1-7涂附-标签/涂附-规格标签-待补充-20250630-V1.pdf,涂附-规格标签-待补充-20250630-V1.pdf,涂附-规格标签-待补充-20250630-V1.pdf,涂附,规格标签,待补充,待补充,规格标签,20250630,V1,其他,进行中,,,,0330f81c37846b4295b7deea1868353f8b2bd292e7392bf8a87796ccaa5f316c,,
"/Users/zhanghan/Desktop/涂覆包装-设计稿/1-8涂附-长条/涂附-长条-BT77_BDL9-70X198_70X400,V字孔-50pcs-20250805-V1.pdf","涂附-长条-BT77_BDL9-70X198_70X400,V字孔-50pcs-20250805-V1.pdf","涂附-长条-BT77_BDL9-70X198_70X400,V字孔-50pcs-20250805-V1.pdf",涂附,长条,待补充,70X198-70X400_70X198,彩盒,20250805,V1,其他,进行中,,,,3084b67085b36387da975274be523f14909796047da5182c73ac434234db537f,,
/Users/zhanghan/Desktop/涂覆包装-设计稿/1-8涂附-长条/涂附-BCG8-80X230-10PCS-20250707-V1.pdf,涂附-BCG8-80X230-10PCS-20250707-V1.pdf,涂附-BCG8-80X230-10PCS-20250707-V1.pdf,涂附,BCG8,BCG8,80X230,刀模图,20250707,V1,其他,进行中,,,,ef572612740d887c6422f161df9d8bfa0f591cfa51a075d8e69511cdf3c5aab3,,
/Users/zhanghan/Desktop/涂覆包装-设计稿/1-8涂附-长条/涂附-BCG8-80X230-10PCS-20250711-V1.pdf,涂附-BCG8-80X230-10PCS-20250711-V1.pdf,涂附-条-BCG8-80X230MM-10PCS-20250711-V1.pdf,涂附,BCG8,BCG8,80X230,彩盒,20250711,V1,其他,进行中,,,,f80333ce3b6b25738ba1bff807c4ec75cef2b649117c7ddcbf4746ad3ce7ceb3,,
/Users/zhanghan/Desktop/涂覆包装-设计稿/1-8涂附-长条/涂附-BT77-BT77_BDL9-70X198_70X400，通用孔-50PCS-20250520-V1.pdf,涂附-BT77-BT77_BDL9-70X198_70X400，通用孔-50PCS-20250520-V1.pdf,涂附-BT77-BT77_BDL9-70X198_400，通用孔-50PCS-20250520-V1.pdf,涂附,BT77,BT77,50PCS,彩盒,20250520,V1,其他,进行中,,,,593e336ec56a35562e84b5eba1f7891c4b81d8832e9d4d1f2adeaad093b6813d,,
"/Users/zhanghan/Desktop/涂覆包装-设计稿/1-8涂附-长条/涂附--BT77-70X198_70X400,通用孔型-20250310-V1.pdf","涂附--BT77-70X198_70X400,通用孔型-20250310-V1.pdf","涂附--BT77-70X198_400,通用-50PCS-20250310-V1.pdf",涂附,BT77,BT77,70X420_70X200,彩盒,20250310,V1,其他,进行中,,,通用,bb315f79488d5b8c84fddc64b26e9ac06f4d8ccc6f54e9717484ef78bcb674f3,,
/Users/zhanghan/Desktop/涂覆包装-设计稿/1-8涂附-长条/涂附-BCG8-80X230_85X15-10PCS-20250710-V1.pdf,涂附-BCG8-80X230_85X15-10PCS-20250710-V1.pdf,涂附-BCG8-80X230_85X15-10PCS-20250710-V1.pdf,涂附,BCG8,BCG8,80X230_85X15,刀模图,20250710,V1,其他,进行中,,,,d7756a2d04a1b1a0776699bf8ca70c9a588cc18a9c747f12882e9f190940a241,,
/Users/zhanghan/Desktop/涂覆包装-设计稿/涂附-B10-230x280mm-20260511-V1.pdf,涂附-B10-230x280mm-20260511-V1.pdf,涂附-B10-230x280mm-20260511-V1.pdf,涂附,B10,B10,待补充,彩盒,20260511,V1,其他,进行中,,,,1f2c9a58d91ea81ea66c00d813206b295d63cfc5d4e9aa962b6df03bb824a73e,,
/Users/zhanghan/Desktop/涂覆包装-设计稿/DONE/涂附-拉绒片-B65-150mm，15H-50PCS-20250617-V1.pdf,涂附-拉绒片-B65-150mm，15H-50PCS-20250617-V1.pdf,涂附-拉绒片-B65-150mm，15H-50PCS-20250617-V1.pdf,涂附,B65,B65,15H,彩盒,20250617,V1,其他,DONE,FPD10031,,,79a7a0dcc84561c86919926893efa8a91907c0e807dfd9c462ed1bcdddc09f97,,
/Users/zhanghan/Desktop/涂覆包装-设计稿/DONE/涂附-拉绒片-B65-225mm-50PCS-20250617-V1.pdf,涂附-拉绒片-B65-225mm-50PCS-20250617-V1.pdf,涂附-拉绒片-B65-225mm-50PCS-20250617-V1.pdf,涂附,B65,B65,50PCS,彩盒,20250617,V1,其他,DONE,FPD10030,,,a7f7ccf7a48ab62c24f2806642c296dfd0dc9e652701ff42e2848248a96102a2,,
/Users/zhanghan/Desktop/涂覆包装-设计稿/DONE/涂附-拉绒片-BCG10-150mm-50PCS-20250620-V1.pdf,涂附-拉绒片-BCG10-150mm-50PCS-20250620-V1.pdf,涂附-拉绒片-BCG10-150mm-50PCS-20250620-V1.pdf,涂附,BCG8,BCG8,50PCS,彩盒,20250620,V1,其他,DONE,FPD10028,,,0d4085836feacf2bd7448a6c991534092796f06e3deb1327a69d5a692c824a93,,
/Users/zhanghan/Desktop/涂覆包装-设计稿/DONE/涂附-拉绒片-BDL9-150mm，15H-50PCS-20250617-V1.pdf,涂附-拉绒片-BDL9-150mm，15H-50PCS-20250617-V1.pdf,涂附-拉绒片-BDL9-150MM，15H-50PCS-20250617-V1.pdf,涂附,BDL9,BDL9,15H,彩盒,20250617,V1,其他,DONE,FPD10024,,,4597fb5689c7053375ef385ce12ace65f22dd3826d0ddc487bf46ad6f7590290,,
"/Users/zhanghan/Desktop/涂覆包装-设计稿/DONE/涂附-海绵片-BDL9多孔海绵-150MM,多孔-20PCS-20260416-V1.pdf","涂附-海绵片-BDL9多孔海绵-150MM,多孔-20PCS-20260416-V1.pdf",涂附-海绵片-BDL9多孔海绵-150MM-20PCS-20260416-V1.pdf,涂附,BDL9,BDL9,20PCS,彩盒,20260416,V1,其他,DONE,FPD10027,,,db04dfff67edb8ce735b9b7f7374f015134ec89082ce17cd41ffe98f583d403d,,
/Users/zhanghan/Desktop/涂覆包装-设计稿/DONE/涂附-BS03-FPD10029-BS03_BS04通用-20250909-V1.pdf,涂附-BS03-FPD10029-BS03_BS04通用-20250909-V1.pdf,涂附-海绵块-BS03_BS04通用-_-_-20250909-V1.pdf,涂附,BS03,BS03,待补充,彩盒,20250909,V1,其他,DONE,FPD10029,,,e5c7540cd6a213528031c4fe8459e0a282378e1eacff3a3054926b45cbb4591f,,
/Users/zhanghan/Desktop/涂覆包装-设计稿/DONE/涂附-FT77-50PCS-50PCS-20250704-V1.pdf,涂附-FT77-50PCS-50PCS-20250704-V1.pdf,涂附-FT77-50PCS-50PCS-20250704-V1.pdf,涂附,FT77,FT77,50PCS,规格标签,20250704,V1,其他,DONE,,,,9da206393e2942402a356423cb067d31b51b0e9f419cb5ed7f64c78152e7b5d0,,
/Users/zhanghan/Desktop/涂覆包装-设计稿/DONE/挂卡彩盒/涂附-拉绒片-B65-228mm，多孔-20250617-V1.pdf,涂附-拉绒片-B65-228mm，多孔-20250617-V1.pdf,涂附-拉绒片-B65-228mm，多孔-10PCS-20250617-V1.pdf,涂附,B65,B65,待补充,彩盒,20250617,V1,其他,DONE,,,,273fb83d72e8a7d1bc1a39362531a68cb88302fc11a1b2770d431a2dd44ebac6,,
"/Users/zhanghan/Desktop/涂覆包装-设计稿/DONE 商超/涂附-拉绒片-A15-115MM,8H-5PCS-20250722-V1.pdf","涂附-拉绒片-A15-115MM,8H-5PCS-20250722-V1.pdf","涂附-拉绒片-A15-125MM,8H-5PCS-20250722-V1.pdf",涂附,A15,A15,115_8H,彩盒,20250722,V1,商超,DONE,,,,889c0245f16695030172326d53e4296c42bf1c6a36e5cff792e13c906f3ca406,,
"/Users/zhanghan/Desktop/涂覆包装-设计稿/DONE 商超/涂附-拉绒片-A15-125MM,8H-20PCS-20250722-V1.pdf","涂附-拉绒片-A15-125MM,8H-20PCS-20250722-V1.pdf","涂附-拉绒片-A15-125MM,8H-20PCS-20250722-V1.pdf",涂附,A15,A15,125_8H,彩盒,20250722,V1,商超,DONE,,,,714ad1a15b0700f79dbc5c43b10c1586c917e8315557683922646883e016ffab,,
"/Users/zhanghan/Desktop/涂覆包装-设计稿/DONE 商超/涂附-拉绒片-A15-125MM,8H-5PCS-20250722-V1.pdf","涂附-拉绒片-A15-125MM,8H-5PCS-20250722-V1.pdf","涂附-拉绒片-A15-125MM,8H-5PCS-20250722-V1.pdf",涂附,A15,A15,125_8H,彩盒,20250722,V1,商超,DONE,,,,202024751cd2f471a3e93b29338500c1144c7bef2c944fe0b4bbbdbffe8a3c9e,,
"/Users/zhanghan/Desktop/涂覆包装-设计稿/DONE 商超/涂附-拉绒片-A15-150MM,15H-20PCS-20250807-V1.pdf","涂附-拉绒片-A15-150MM,15H-20PCS-20250807-V1.pdf","涂附-拉绒片-A15-150MM,15H-20PCS-20250807-V1.pdf",涂附,A15,A15,150_15H,彩盒,20250807,V1,商超,DONE,,,混装,6eef29eb8e3b92f8d82a57bc8a702ec7a3aae7fcadcb21e407a9ee37331d138a,,
"/Users/zhanghan/Desktop/涂覆包装-设计稿/DONE 商超/涂附-拉绒片-A15-150MM,15H-25PCS-20250722-V1.pdf","涂附-拉绒片-A15-150MM,15H-25PCS-20250722-V1.pdf","涂附-拉绒片-A15-150MM,15H-25PCS-20250722-V1.pdf",涂附,A15,A15,150_6H,彩盒,20250722,V1,商超,DONE,,,混装,98682f4409c14f524d08da5046538e19b953c40e07b656d2f1a005581d1a0dea,,
"/Users/zhanghan/Desktop/涂覆包装-设计稿/DONE 商超/涂附-拉绒片-A15-225MM,9H-25PCS-20250722-V1.pdf","涂附-拉绒片-A15-225MM,9H-25PCS-20250722-V1.pdf","涂附-拉绒片-A15-225MM,9H-25PCS-20250722-V1.pdf",涂附,A15,A15,225_9H,彩盒,20250722,V1,商超,DONE,,,,05bfd73e238b699644090bf4c4b25d65a2a65e24c2bd5c75ec341d550d3f0e31,,
"/Users/zhanghan/Desktop/涂覆包装-设计稿/DONE 商超/涂附-拉绒片-A15-225MM,9H-5PCS-20250722-V1.pdf","涂附-拉绒片-A15-225MM,9H-5PCS-20250722-V1.pdf","涂附-拉绒片-A15-225MM,9H-5PCS-20250722-V1.pdf",涂附,A15,A15,225_9H,彩盒,20250722,V1,商超,DONE,,,,8e07e9895ff2b8ecfebc1ddef6cb32541dea433409d61e8578f719fe99dc789d,,
"/Users/zhanghan/Desktop/涂覆包装-设计稿/DONE 商超/涂附-拉绒片-125MM,6H-10PCS-20250722-V1.pdf","涂附-拉绒片-125MM,6H-10PCS-20250722-V1.pdf","涂附-拉绒片-125MM,6H-10PCS-20250722-V1.pdf",涂附,B15,B15,125_8H,彩盒,20250722,V1,商超,DONE,,,,fa71f7cd0242dcb8f7d5ad11c53a033e7015bb77129e109680ad5150b757e339,,
"/Users/zhanghan/Desktop/涂覆包装-设计稿/DONE 商超/涂附-拉绒片-B15-150MM,15H-10PCS-20250722-V1.pdf","涂附-拉绒片-B15-150MM,15H-10PCS-20250722-V1.pdf","涂附-拉绒片-B15-150MM,15H-10PCS-20250722-V1.pdf",涂附,B15,B15,150_15H,彩盒,20250722,V1,商超,DONE,,,混装,527a413e757f4c2b094661c285a5652b935ead96412286376524611b1a300a73,,
"/Users/zhanghan/Desktop/涂覆包装-设计稿/DONE 商超/涂附-拉绒片-B15-150MM,6H-10PCS-20250722-V1.pdf","涂附-拉绒片-B15-150MM,6H-10PCS-20250722-V1.pdf","涂附-拉绒片-B15-150MM,6H-10PCS-20250722-V1.pdf",涂附,B15,B15,150_6H,彩盒,20250722,V1,商超,DONE,,,混装,cb5637834472bb6e1937846c2a674c7893299969131fa2fd331d88a5d4c4474c,,
"/Users/zhanghan/Desktop/涂覆包装-设计稿/DONE 商超/涂附-拉绒片-B15-225MM,9H-10PCS-20250807-V1.pdf","涂附-拉绒片-B15-225MM,9H-10PCS-20250807-V1.pdf","涂附-拉绒片-B15-225MM,9H-10PCS-20250807-V1.pdf",涂附,B15,B15,225_9H,彩盒,20250807,V1,商超,DONE,,,,6076b87adf6ea3b6db8cbab977a63547ae7635a2d0fc2dbaf6e15f5de27c8900,,
"/Users/zhanghan/Desktop/涂覆包装-设计稿/DONE 商超/涂附-拉绒片-B15-225MM,9H-10PCS-20250722-V1.pdf","涂附-拉绒片-B15-225MM,9H-10PCS-20250722-V1.pdf","涂附-拉绒片-B15-225MM,9H-10PCS-20250722-V1.pdf",涂附,B15,B15,225_9H,彩盒,20250722,V1,商超,DONE,,,,f600d03b7da6a3f6f4dc87f0ab36ac7157d632ea9e7074148a7cd567f3ccaddf,,
"/Users/zhanghan/Desktop/涂覆包装-设计稿/DONE 商超/涂附-拉绒片-B15-225MM,9H-5PCS-20250722-V1.pdf","涂附-拉绒片-B15-225MM,9H-5PCS-20250722-V1.pdf","涂附-拉绒片-B15-225MM,9H-5PCS-20250722-V1.pdf",涂附,B15,B15,225_9H,彩盒,20250722,V1,商超,DONE,,,,775f2bd79ca9f2e14785445f32ca951ae7fa25f4eb038a84b31af8d2c2457784,,
"/Users/zhanghan/Desktop/涂覆包装-设计稿/DONE 商超/涂附-拉绒片-B38-125MM,8H-20PCS-20250722-V1.pdf","涂附-拉绒片-B38-125MM,8H-20PCS-20250722-V1.pdf","涂附-拉绒片-B38-125MM,8H-20PCS-20250722-V1.pdf",涂附,B38,B38,125_8H,彩盒,20250722,V1,商超,DONE,,,,bc0fa6b7ce1bb0a81c29df00065b75e372304d6da2f13a4c405359da72ad9c9d,,
"/Users/zhanghan/Desktop/涂覆包装-设计稿/DONE 商超/涂附-拉绒片-B38-125MM,8H-25PCS-20250722-V1.pdf","涂附-拉绒片-B38-125MM,8H-25PCS-20250722-V1.pdf","涂附-拉绒片-B38-125MM,8H-25PCS-20250722-V1.pdf",涂附,B38,B38,125_8H,彩盒,20250722,V1,商超,DONE,,,,24d8a30f7f52e13cf1ccc75fd29b5e7cc82889202dc3561a1e593d01c9719ec0,,
"/Users/zhanghan/Desktop/涂覆包装-设计稿/DONE 商超/涂附-拉绒片-B38-225MM,9H-5PCS-20250722-V1.pdf","涂附-拉绒片-B38-225MM,9H-5PCS-20250722-V1.pdf","涂附-拉绒片-B38-225MM,9H-5PCS-20250722-V1.pdf",涂附,B38,B38,225_9H,彩盒,20250722,V1,商超,DONE,,,,3ae21b320a26a13dabd78756d775c6a86b2e2aa4eb44094a18a58f5d61c07848,,
"/Users/zhanghan/Desktop/涂覆包装-设计稿/DONE 商超/涂附-拉绒片-B65-125MM,8H-20PCS-20250722-V1.pdf","涂附-拉绒片-B65-125MM,8H-20PCS-20250722-V1.pdf","涂附-拉绒片-B65-125MM,8H-20PCS-20250722-V1.pdf",涂附,B65,B65,125_8H,彩盒,20250722,V1,商超,DONE,,,,bbdcf9791010816376db50311fbd8a0629a6d925ec4f0b301aaa7cdd613d6b5c,,
"/Users/zhanghan/Desktop/涂覆包装-设计稿/DONE 商超/涂附-拉绒片-B65-125MM,8H-单混25PCS-20250722-V1.pdf","涂附-拉绒片-B65-125MM,8H-单混25PCS-20250722-V1.pdf","涂附-拉绒片-B65-125MM,8H-单混25PCS-20250722-V1.pdf",涂附,B65,B65,125_8H,彩盒,20250722,V1,商超,DONE,,,单混,327ab69430cbb3fbeb53913dfb891f1c73f310ceb7c8b92d94b2e7db51ed92e2,,
"/Users/zhanghan/Desktop/涂覆包装-设计稿/DONE 商超/涂附-拉绒片-B65-150MM,15H-10PCS-20250722-V1.pdf","涂附-拉绒片-B65-150MM,15H-10PCS-20250722-V1.pdf","涂附-拉绒片-B65-150MM,15H-10PCS-20250722-V1.pdf",涂附,B65,B65,150_15H,彩盒,20250722,V1,商超,DONE,,,混装,543a29ca0545272ac01d7826ac3625020874ae75e85c6f315376454c9cd5a548,,
"/Users/zhanghan/Desktop/涂覆包装-设计稿/DONE 商超/涂附-拉绒片-B65-150MM,6H-10PCS-20250722-V1.pdf","涂附-拉绒片-B65-150MM,6H-10PCS-20250722-V1.pdf","涂附-拉绒片-B65-150MM,6H-10PCS-20250722-V1.pdf",涂附,B65,B65,150_6H,彩盒,20250722,V1,商超,DONE,,,混装,44e42975d64f05d0f861f0eaa8d415520d5a96e3c91801260f172b7ba5d6581f,,
"/Users/zhanghan/Desktop/涂覆包装-设计稿/DONE 商超/涂附-拉绒片-B65-225MM,9H-10PCS-20250807-V1.pdf","涂附-拉绒片-B65-225MM,9H-10PCS-20250807-V1.pdf","涂附-拉绒片-B65-225MM,9H-10PCS-20250807-V1.pdf",涂附,B65,B65,225_9H,彩盒,20250807,V1,商超,DONE,,,,6f5b9b4b9b241901e0dc632c0758b5d52c4c4b42ea563e2172c22ab4590e1c63,,
"/Users/zhanghan/Desktop/涂覆包装-设计稿/DONE 商超/涂附-拉绒片-B65-225MM,9H-10PCS-20250722-V1.pdf","涂附-拉绒片-B65-225MM,9H-10PCS-20250722-V1.pdf","涂附-拉绒片-B65-225MM,9H-10PCS-20250722-V1.pdf",涂附,B65,B65,225_9H,彩盒,20250722,V1,商超,DONE,,,,8eab8bfdc6da3c0ff9cfd8ebc25b95efcbe648e745c3b875b0a73a1a24743eec,,
"/Users/zhanghan/Desktop/涂覆包装-设计稿/DONE 商超/涂附-拉绒片-B65-225MM,9H-5PCS-20250722-V1.pdf","涂附-拉绒片-B65-225MM,9H-5PCS-20250722-V1.pdf","涂附-拉绒片-B65-225MM,9H-5PCS-20250722-V1.pdf",涂附,B65,B65,225_9H,彩盒,20250722,V1,商超,DONE,,,,ef5b8c0f64f11c58593b60f8c49f2aaab04b989bb363fcf46139be5acd6b97ea,,
/Users/zhanghan/Desktop/涂覆包装-设计稿/DONE 商超/涂附-网格砂-BCG7-225MM-5PCS-20250820-V1.pdf,涂附-网格砂-BCG7-225MM-5PCS-20250820-V1.pdf,涂附-网格砂-BCG7-225MM-5PCS-20250820-V1.pdf,涂附,BCG7,BCG7,5PCS,彩盒,20250820,V1,商超,DONE,,,,014478ac0f9e8f45c19674b1a51c6211ef5180002c9ccdda0c0bdcfc2e55ffb5,,
"/Users/zhanghan/Desktop/涂覆包装-设计稿/DONE 商超/吸塑彩贴/涂附-拉绒片-A15-125MM,8H-20_25PCS-20250819-V1.pdf","涂附-拉绒片-A15-125MM,8H-20_25PCS-20250819-V1.pdf","涂附-拉绒片-A15-125MM,8H-20_25PCS-20250819-V1.pdf",涂附,A15,A15,125_8H,吸塑彩贴,20250819,V1,商超,DONE,,,,c91c0fc488ca698f7181b64938bd91cff90f396c33b5f2eebc45b81467f46439,,
"/Users/zhanghan/Desktop/涂覆包装-设计稿/DONE 商超/吸塑彩贴/涂附-拉绒片-B15-125MM,0H-20_25PCS-20250819-V1.pdf","涂附-拉绒片-B15-125MM,0H-20_25PCS-20250819-V1.pdf","涂附-拉绒片-B15-125MM,0H-20_25PCS-20250819-V1.pdf",涂附,B15,B15,125_0H,吸塑彩贴,20250819,V1,商超,DONE,,,,da8c4274f0c8fae84257dd7b303383069a08cb0401f5c5131f6b8515370ced75,,
"/Users/zhanghan/Desktop/涂覆包装-设计稿/DONE 商超/吸塑彩贴/涂附-拉绒片-B15-125MM,8H-20_25PCS-20250819-V1.pdf","涂附-拉绒片-B15-125MM,8H-20_25PCS-20250819-V1.pdf","涂附-拉绒片-B15-125MM,8H-20_25PCS-20250819-V1.pdf",涂附,B15,B15,125_8H,吸塑彩贴,20250819,V1,商超,DONE,,,,c6b93f8ac495a919ebcf00154a2efd850ad00ec2cad029d30289fa308e1e5260,,
"/Users/zhanghan/Desktop/涂覆包装-设计稿/DONE 商超/吸塑彩贴/涂附-拉绒片-B15-225MM,9H-25PCS-20250819-V1.pdf","涂附-拉绒片-B15-225MM,9H-25PCS-20250819-V1.pdf","涂附-拉绒片-B15-225MM,9H-25PCS-20250819-V1.pdf",涂附,B15,B15,225_9H,吸塑彩贴,20250819,V1,商超,DONE,,,,e142ac253f9add88158e251bf44563f3485c6c73281c24eb235c33e46ad950d6,,
"/Users/zhanghan/Desktop/涂覆包装-设计稿/DONE 商超/吸塑彩贴/涂附-拉绒片-B38C-125MM,0H-50PCS-20250819-V1.pdf","涂附-拉绒片-B38C-125MM,0H-50PCS-20250819-V1.pdf","涂附-拉绒片-B38C-125MM,0H-50PCS-20250819-V1.pdf",涂附,B38C,B38C,125_0H,吸塑彩贴,20250819,V1,商超,DONE,,,,a0f299cf291717be6cb75464db5baa1cf9a53c474ed15bca843cfda1fa4f293a,,
"/Users/zhanghan/Desktop/涂覆包装-设计稿/DONE 商超/吸塑彩贴/涂附-拉绒片-B38C-125MM,8H-50PCS-20250819-V1.pdf","涂附-拉绒片-B38C-125MM,8H-50PCS-20250819-V1.pdf","涂附-拉绒片-B38C-125MM,8H-50PCS-20250819-V1.pdf",涂附,B38C,B38C,125_8H,吸塑彩贴,20250819,V1,商超,DONE,,,,f823cc5d15f4cab3584199592afbaa718daf2539f57ae19a893272e87a6b9457,,
"/Users/zhanghan/Desktop/涂覆包装-设计稿/DONE 商超/吸塑彩贴/涂附-拉绒片-B38D-125MM,0H-50PCS-20250819-V1.pdf","涂附-拉绒片-B38D-125MM,0H-50PCS-20250819-V1.pdf","涂附-拉绒片-B38D-125MM,0H-50PCS-20250819-V1.pdf",涂附,B38D,B38D,125_0H,吸塑彩贴,20250819,V1,商超,DONE,,,,d199092e8ff239b3c210a159bd8948f4bd63490bc9fefd24444704e782f7040a,,
"/Users/zhanghan/Desktop/涂覆包装-设计稿/DONE 商超/吸塑彩贴/涂附-拉绒片-B38D-125MM,8H-50PCS-20250819-V1.pdf","涂附-拉绒片-B38D-125MM,8H-50PCS-20250819-V1.pdf","涂附-拉绒片-B38D-125MM,8H-50PCS-20250819-V1.pdf",涂附,B38D,B38D,125_8H,吸塑彩贴,20250819,V1,商超,DONE,,,,76ea6f28ae3e959ead3be474944aa0f5f14d93ff4be13bd620fc16784b24090d,,
"/Users/zhanghan/Desktop/涂覆包装-设计稿/DONE 商超/吸塑彩贴/涂附-拉绒片-B38E-125MM,0H-50PCS-20250819-V1.pdf","涂附-拉绒片-B38E-125MM,0H-50PCS-20250819-V1.pdf","涂附-拉绒片-B38E-125MM,0H-50PCS-20250819-V1.pdf",涂附,B38E,B38E,125_0H,吸塑彩贴,20250819,V1,商超,DONE,,,,c99e3dbb2ecea5992726b787dcfe6991d8874649220420836d071977834f9ff2,,
"/Users/zhanghan/Desktop/涂覆包装-设计稿/DONE 商超/吸塑彩贴/涂附-拉绒片-B38E-125MM,8H-50PCS-20250819-V1.pdf","涂附-拉绒片-B38E-125MM,8H-50PCS-20250819-V1.pdf","涂附-拉绒片-B38E-125MM,8H-50PCS-20250819-V1.pdf",涂附,B38E,B38E,125_8H,吸塑彩贴,20250819,V1,商超,DONE,,,,754f3fa0aea28bd01e8bb6b1d7809f7daa9b4a7a0c7f97f85390ffeda5426ea0,,
"/Users/zhanghan/Desktop/涂覆包装-设计稿/DONE 商超/吸塑彩贴/涂附-拉绒片-B65-125MM,8H-50PCS-20250819-V1.pdf","涂附-拉绒片-B65-125MM,8H-50PCS-20250819-V1.pdf","涂附-拉绒片-B65-125MM,8H-50PCS-20250819-V1.pdf",涂附,B65,B65,125_8H,吸塑彩贴,20250819,V1,商超,DONE,,,,03c3cb1b52d3dc476b009157354a9bd89f6a09019eb2e5db42c2d8322fe2e39a,,
/Users/zhanghan/Desktop/涂覆包装-设计稿/涂附-J100-J100-待补充-20260516-V1.pdf,涂附-J100-J100-待补充-20260516-V1.pdf,涂附-张页-J100-230X280MM-50PCS-20260516-V1.pdf,涂附,J100,J100,待补充,彩盒,20260516,V1,其他,进行中,,,,3404a2ffff8e07827605b26d53a5cfaf7eac2355e905ef38589a192573a3b4d4,,
/Users/zhanghan/Desktop/涂覆包装-设计稿/涂附-海绵块-135X80_135X80M-20260325-V1.pdf,涂附-海绵块-135X80_135X80M-20260325-V1.pdf,涂附-套装-_-135X80M-11PCS-20260325-V1.pdf,涂附,海绵垫,待补充,135X80_135X80M,彩盒,20260325,V1,其他,进行中,,,,3aa6f776954f15c4ef72ff1d82d6631a5e3bccdd73c3a910f5a141cf95678a0d,,
"/Users/zhanghan/Desktop/涂覆包装-设计稿/涂附-拉绒片-A15-125MM,0H-10PCS-20260509-V1.pdf","涂附-拉绒片-A15-125MM,0H-10PCS-20260509-V1.pdf","涂附-拉绒片-A15-125MM,0H-10PCS-20260509-V1.pdf",涂附,吊卡,待补充,待补充,吊卡盒,20260509,V1,其他,进行中,,,,22a64eeea5b8b8abcdbc08bd79201ace6a0b7fc5b2736f6d1e05035f8a52564c,,
/Users/zhanghan/Desktop/涂覆包装-设计稿/快换碟套装 DONE/涂附-快换碟-150X240_150X240M-10PCS-20260323-V1.pdf,涂附-快换碟-150X240_150X240M-10PCS-20260323-V1.pdf,涂附-快换碟-_-2“-10PCS-20260323-V1.pdf,涂附,快换碟,快换碟,150X240_150X240M,彩盒,20260323,V1,其他,DONE,,,,7a1c2ba3e0a040e77c8ecce20c8fdc0864cd2d61a675cf7130214c3a1ccf504d,,
/Users/zhanghan/Desktop/涂覆包装-设计稿/快换碟套装 DONE/涂附-快换碟-174X250_174X250M-11PCS-20260313-V1.pdf,涂附-快换碟-174X250_174X250M-11PCS-20260313-V1.pdf,涂附-快换碟-_-2“-11PCS-20260313-V1.pdf,涂附,快换碟,快换碟,174X250_174X250M,彩盒,20260313,V1,其他,DONE,,,,dacd21e2946133eda3654ffca3da01c7d93418d65485ac73c51e151efb138f19,,
/Users/zhanghan/Desktop/涂覆包装-设计稿/快换碟套装 DONE/涂附-快换碟-189X244-16PCS-20260323-V1.pdf,涂附-快换碟-189X244-16PCS-20260323-V1.pdf,涂附-快换碟-_-3”-16PCS-20260323-V1.pdf,涂附,快换碟,快换碟,189X244,彩盒,20260323,V1,其他,DONE,,,,6ea61383324d196bfbcc2753005ff18b1308893f4af2429887eeeb080f2cec80,,
/Users/zhanghan/Desktop/涂覆包装-设计稿/快换碟套装 DONE/涂附-快换碟-60X170_60X170M-16PCS-20260310-V1.pdf,涂附-快换碟-60X170_60X170M-16PCS-20260310-V1.pdf,涂附-快换碟-_-2“-16PCS-20260310-V1.pdf,涂附,快换碟,快换碟,60X170_60X170M,彩盒,20260310,V1,其他,DONE,,,,16a4bcb517666cfe53feeee11a1f21c9d0c36919603536e2c7efed4764f78a45,,
/Users/zhanghan/Desktop/涂覆包装-设计稿/快换碟套装 DONE/涂附-快换碟-189X244-18PCS-20260313-V1.pdf,涂附-快换碟-189X244-18PCS-20260313-V1.pdf,涂附-快换碟-暂无-3”-18PCS-20260313-V1.pdf,涂附,快换碟,快换碟,189X244,彩盒,20260313,V1,其他,DONE,,,,ea0f1aae22c10ca1987952f4342e1475664bf673ddc49b8db56014d7cf7cd2fb,,
/Users/zhanghan/Desktop/涂覆包装-设计稿/快换碟套装 DONE/涂附-快换碟-60X170_60X170M-7PCS-20260310-V1.pdf,涂附-快换碟-60X170_60X170M-7PCS-20260310-V1.pdf,涂附-快换碟-暂无-2“-7PCS-20260310-V1.pdf,涂附,快换碟,快换碟,60X170_60X170M,彩盒,20260310,V1,其他,DONE,,,,6e3255099b0d5d5574fd9f410e79bdb69b512686e7c7511bec46f00d5d550509,,
/Users/zhanghan/Desktop/涂覆包装-设计稿/快换碟套装 DONE/涂附-快换碟-2“_3”-10PCS-20260325-V1.pdf,涂附-快换碟-2“_3”-10PCS-20260325-V1.pdf,涂附-快换碟-暂无-2“_3”-10PCS-20260325-V1.pdf,涂附,快换碟,快换碟,155X270_155X270M,彩盒,20260325,V1,其他,DONE,,,,3bc8aa36110b592ce8648802316684c9e14988481ad20edb086a3259a03171ca,,
/Users/zhanghan/Desktop/涂覆包装-设计稿/快换碟套装 DONE/涂附-快换碟-2“_3”-16PCS-20260325-V1.pdf,涂附-快换碟-2“_3”-16PCS-20260325-V1.pdf,涂附-快换碟-暂无-2“_3”-16PCS-20260325-V1.pdf,涂附,快换碟,快换碟,215X290,彩盒,20260325,V1,其他,DONE,,,,825daadfbc3e12b7d02e16dbea7ba524d8d31c571cc7dfeea94ef91056b8ecab,,
/Users/zhanghan/Desktop/涂覆包装-设计稿/快换碟套装 DONE/涂附-快换碟-2“_3”-10PCS-20260323-V1.pdf,涂附-快换碟-2“_3”-10PCS-20260323-V1.pdf,涂附-快换碟-暂无-2“_3”-10PCS-20260323-V1.pdf,涂附,快换碟,快换碟,195X350_195X350M,彩盒,20260323,V1,其他,DONE,,,,b059afab4e42e3c1874783d9b4cccbff9bed896351f4f0bcf806ae9c04b34110,,
/Users/zhanghan/Desktop/涂覆包装-设计稿/快换碟套装 DONE/涂附-QCK4001-QCK4001-2“_3”-20260204-V1.pdf,涂附-QCK4001-QCK4001-2“_3”-20260204-V1.pdf,涂附-快换碟-暂无-2“_3”-10件套-20260204-V1.pdf,涂附,QCK4001,QCK4001,待补充,彩盒,20260204,V1,其他,DONE,QCK4001,,,5ff1233a2f93809ec2436267e527b8cb4831461dadaa9258ae736a1248b85ef9,,
/Users/zhanghan/Desktop/涂覆包装-设计稿/快换碟套装 DONE/快换碟-彩盒/涂附-快换碟-D2-17PCS-17PCS-20260401-V1.pdf,涂附-快换碟-D2-17PCS-17PCS-20260401-V1.pdf,涂附-快换碟-D2-17PCS-17PCS-20260401-V1.pdf,涂附,快换碟,快换碟,17PCS,彩盒,20260401,V1,其他,DONE,,,,b335e0c4dbd554e2bbcdf7ec30d7231770e28fa707b321296d4842f3883ab240,,
/Users/zhanghan/Desktop/涂覆包装-设计稿/快换碟套装 DONE/快换碟-彩盒/涂附-快换碟-E3-17PCS-17PCS-20260401-V1.pdf,涂附-快换碟-E3-17PCS-17PCS-20260401-V1.pdf,涂附-快换碟-E3-17PCS-17PCS-20260401-V1.pdf,涂附,快换碟,快换碟,17PCS,彩盒,20260401,V1,其他,DONE,,,,74e7968f003c4b6d35dab0dee242ff21b7502bf6e82eaf40e90f525906356daf,,
/Users/zhanghan/Desktop/涂覆包装-设计稿/独立站-DONE/2024/涂附-点修-32-20240208-V1.pdf,涂附-点修-32-20240208-V1.pdf,涂附-点修-FD8-32MM-50PCS-20240208-V1.pdf,涂附,点修,待补充,32,彩盒,20240208,V1,独立站,DONE,,,,2fe50f021f020e99096a56525d7118f7885783b4a66cf686e59f0511511c8f61,,
/Users/zhanghan/Desktop/涂覆包装-设计稿/独立站-DONE/2024/涂附-规格标签-待补充-20231030-V1.pdf,涂附-规格标签-待补充-20231030-V1.pdf,涂附-规格标签-待补充-20231030-V1.pdf,涂附,规格标签,待补充,待补充,规格标签,20231030,V1,独立站,DONE,,,,449a1cf993d41d4c33262cc6354e2230c79fa0b90c913b288eb7e006bb23d50e,,
/Users/zhanghan/Desktop/涂覆包装-设计稿/独立站-DONE/2024/涂附-外箱-待补充-20231207-V1.pdf,涂附-外箱-待补充-20231207-V1.pdf,涂附-外箱-待补充-20231207-V1.pdf,涂附,外箱,待补充,待补充,外箱,20231207,V1,独立站,DONE,,,,7e9f936c5bbbc0aa23a9cdace9d37e6427fcf0164a61024791ba0cbeba3f307b,,
/Users/zhanghan/Desktop/涂覆包装-设计稿/独立站-DONE/2024/涂附-规格标签-待补充-20240814-V1.pdf,涂附-规格标签-待补充-20240814-V1.pdf,涂附-规格标签-待补充-20240814-V1.pdf,涂附,规格标签,待补充,待补充,规格标签,20240814,V1,独立站,DONE,,,,9c8fd70e2062ae2552db9d82599c14d51511909efaef14ac5081b4ff72503c98,,
/Users/zhanghan/Desktop/涂覆包装-设计稿/独立站-DONE/2024/涂附-外箱-待补充-20231208-V1.pdf,涂附-外箱-待补充-20231208-V1.pdf,涂附-外箱-待补充-20231208-V1.pdf,涂附,外箱,待补充,待补充,外箱,20231208,V1,独立站,DONE,,,,d9def06e605be21ff99746d7cd535b53dca0ea3ae4b73e8c058248b1e7700d55,,
"/Users/zhanghan/Desktop/涂覆包装-设计稿/独立站-DONE/2024/涂附-BF12-BF12-150mm,多孔-25pcs-20251222-V1.pdf","涂附-BF12-BF12-150mm,多孔-25pcs-20251222-V1.pdf","涂附-海绵片-BF12-150MM,多孔-25PCS-20251222-V1.pdf",涂附,BF12,BF12,待补充,彩盒,20251222,V1,独立站,DONE,,,,60789dc6f017fd45e9c5912b7e4035cb0097cd528a13ae29507201006e573604,,
/Users/zhanghan/Desktop/涂覆包装-设计稿/独立站-DONE/2024/涂附-BN38-230X280-20230913-V1.pdf,涂附-BN38-230X280-20230913-V1.pdf,涂附-张页-BN38-230X280MM-10PCS-20230913-V1.pdf,涂附,BN38,BN38,230X280,彩盒,20230913,V1,独立站,DONE,,,,64a13319f5af4cbfeb561542d8fdacc3a322ccaadd2581b27090b30f871dc1b5,,
/Users/zhanghan/Desktop/涂覆包装-设计稿/独立站-DONE/2024/涂附-BP37-FPD10012-230X280mm-20240321-V1.pdf,涂附-BP37-FPD10012-230X280mm-20240321-V1.pdf,涂附-张页-BP37-230X280mm-10PCS-20240321-V1.pdf,涂附,BP37,BP37,230X280,彩盒,20240321,V1,独立站,DONE,FPD10012,,,e81c46bf66964a5a20124c0e641e51deeff0fa0393fd23b075d6e1986ca18411,,
/Users/zhanghan/Desktop/涂覆包装-设计稿/独立站-DONE/2024/涂附-钢纸磨片-待补充-20241101-V1.pdf,涂附-钢纸磨片-待补充-20241101-V1.pdf,涂附-钢纸磨片-待补充-20241101-V1.pdf,涂附,钢纸磨片,待补充,待补充,规格标签,20241101,V1,独立站,DONE,,,,e6516f5e51c36480d398733e58f7ebb465338903a507b8ff8a7f93e2164b8341,,
/Users/zhanghan/Desktop/涂覆包装-设计稿/独立站-DONE/2024/涂附-规格标签-待补充-20230925-V1.pdf,涂附-规格标签-待补充-20230925-V1.pdf,涂附-规格标签-待补充-20230925-V1.pdf,涂附,规格标签,待补充,待补充,规格标签,20230925,V1,独立站,DONE,,,,ba8415ba3331d8d4deab35edd7363ffa01af3e7eb690a68ba0c00424e90c3cda,,
"/Users/zhanghan/Desktop/涂覆包装-设计稿/独立站-DONE/2024/涂附-拉绒片-b15-125MM,8H-50PCS-20230614-V1.pdf","涂附-拉绒片-b15-125MM,8H-50PCS-20230614-V1.pdf","涂附-拉绒片-B15-125MM,8H-50PCS-20230614-V1.pdf",涂附,FASTPLUS,待补充,待补充,彩盒,20230614,V1,独立站,DONE,,,,36582ce29969c7932663f3d0de3c622df38c80126b958cd2e3b29c7d9fb8d560,,
/Users/zhanghan/Desktop/涂覆包装-设计稿/独立站-DONE/2024/涂附-规格标签-待补充-20230912-V1.pdf,涂附-规格标签-待补充-20230912-V1.pdf,涂附-规格标签-待补充-20230912-V1.pdf,涂附,规格标签,待补充,待补充,规格标签,20230912,V1,独立站,DONE,,,,0e07ab1396e7e1fa29e95486d2d8014c3346770847a6fe2a0647df4564d9d365,,
/Users/zhanghan/Desktop/涂覆包装-设计稿/独立站-DONE/2024/涂附-样品包装-待补充-20230803-V1.pdf,涂附-样品包装-待补充-20230803-V1.pdf,涂附-样品袋-暂无-150MM-X-20230803-V1.pdf,涂附,样品包装,待补充,待补充,彩盒,20230803,V1,独立站,DONE,,,,8dcd5c460fcdd90cbe6eb884f52b66a544c1adbc1a4dd02fcc8a681eef5cfa46,,
/Users/zhanghan/Desktop/涂覆包装-设计稿/独立站-DONE/2024/涂附-拉绒卷-BRV9-70mmx12m-1PCS-20230912-V1.pdf,涂附-拉绒卷-BRV9-70mmx12m-1PCS-20230912-V1.pdf,涂附-拉绒卷-BRV9-70mmx12m-1PCS-20230912-V1.pdf,涂附,V字卷,V字卷,待补充,规格标签,20230912,V1,独立站,DONE,,,,5b880e5087fa15e7b7d2c417bc4cbe540ba2250af4ae1f40b3906e47ca7aa1e1,,
/Users/zhanghan/Desktop/涂覆包装-设计稿/独立站-DONE/2024/涂附-点修-待补充-20250709-V1.pdf,涂附-点修-待补充-20250709-V1.pdf,涂附-点修-待补充-20250709-V1.pdf,涂附,点修,点修,待补充,规格标签,20250709,V1,独立站,DONE,,,,cda2dcc5389e16e2c6472f8606d0c906dbc13bb2021e5ddf319c679cb8d401ec,,
/Users/zhanghan/Desktop/涂覆包装-设计稿/独立站-DONE/2024/涂附-规格标签-待补充-20230222-V1.pdf,涂附-规格标签-待补充-20230222-V1.pdf,涂附-规格标签-待补充-20230222-V1.pdf,涂附,规格标签,待补充,待补充,规格标签,20230222,V1,独立站,DONE,,,,7f8693bc225f466120dc530254bdbb739fcbfe13da5a68a5d633692ce8eea94b,,
/Users/zhanghan/Desktop/涂覆包装-设计稿/独立站-DONE/2024/涂附-规格标签-70X12_125-20240903-V1.pdf,涂附-规格标签-70X12_125-20240903-V1.pdf,涂附-规格标签-70X12_125-20240903-V1.pdf,涂附,规格标签,待补充,70X12_125,规格标签,20240903,V1,独立站,DONE,,,,ce3109af34f32a5f179c94fe02645117cac001dc8f8f08f3f0704fe8eae68c15,,
/Users/zhanghan/Desktop/涂覆包装-设计稿/独立站-DONE/2024/涂附-拉绒片-B-TRI3-150mm-15PCS-20230616-V1.pdf,涂附-拉绒片-B-TRI3-150mm-15PCS-20230616-V1.pdf,涂附-拉绒片-B-TRI3-150mm-15PCS-20230616-V1.pdf,涂附,金字塔,金字塔,待补充,规格标签,20230616,V1,独立站,DONE,,,,119a92382d67f8fa3fd5422d7b71458b044cf29712af4af2ae744347db0e0a72,,
/Users/zhanghan/Desktop/涂覆包装-设计稿/独立站-DONE/2024/涂附-FASTPLUS-FPD10010-115mmx25m-20240408-V1.pdf,涂附-FASTPLUS-FPD10010-115mmx25m-20240408-V1.pdf,涂附-卷-BSR25-115MMx25M-1ROLL-20240408-V1.pdf,涂附,FASTPLUS,待补充,待补充,彩盒,20240408,V1,独立站,DONE,FPD10010,,,58a5553e9e065b5c41a1d33442e35d005a69c2f83c8ff6d4da42c193704629a6,,
/Users/zhanghan/Desktop/涂覆包装-设计稿/独立站-DONE/2025/涂附-拉绒片-70X200_400mm-20250717-V1.pdf,涂附-拉绒片-70X200_400mm-20250717-V1.pdf,涂附-配件-手擦板-70X200_400mm-1PCS-20250717-V1.pdf,涂附,手砂板,待补充,70X200_70X400,彩盒,20250717,V1,独立站,DONE,,,,f9ff6815412b0f91b25d0fe4ae70b97adfb578f17fcb2fba156d68f19cccddc0,,
"/Users/zhanghan/Desktop/涂覆包装-设计稿/独立站-DONE/2025/涂附-拉绒片-B25-125MM,8H-50PCS-独立站-20250715-V1.pdf","涂附-拉绒片-B25-125MM,8H-50PCS-独立站-20250715-V1.pdf","涂附-拉绒片-B25-125MM,8H-50PCS-20250715-V1.pdf",涂附,B25,B25,125_8H,彩盒,20250715,V1,独立站,DONE,,,,045ab27bc4ff6f79e2b9497c9e0d92d2291ccf95c94bc575387f06469d6cd680,,
/Users/zhanghan/Desktop/涂覆包装-设计稿/独立站-DONE/2025/涂附-拉绒片-B25-150mm，15H-50PCS-20250715-V1.pdf,涂附-拉绒片-B25-150mm，15H-50PCS-20250715-V1.pdf,"涂附-拉绒片-B25-150MM,15H-50PCS-20250715-V1.pdf",涂附,B25,B25,150_15H,彩盒,20250715,V1,独立站,DONE,,,,23a071db5bca5e1b879864e3d438f5d82a0614ff1e6df450989bffb8e8943545,,
/Users/zhanghan/Desktop/涂覆包装-设计稿/独立站-DONE/2025/涂附-拉绒片-B65-150mm，49H-50PCS-20250827-V1.pdf,涂附-拉绒片-B65-150mm，49H-50PCS-20250827-V1.pdf,涂附-拉绒片-B65-150mm，49H-50PCS-20250827-V1.pdf,涂附,B65,B65,150_49H,彩盒,20250827,V1,独立站,DONE,,,,ccdd349fa841db42db47915c713088e58878e06d59164d4ddf7c44450b57a308,,
/Users/zhanghan/Desktop/涂覆包装-设计稿/独立站-DONE/2025/涂附-缓冲垫-BAC02-2PCS-2PCS-20250715-V1.pdf,涂附-缓冲垫-BAC02-2PCS-2PCS-20250715-V1.pdf,涂附-缓冲垫-BAC02-2PCS-2PCS-20250715-V1.pdf,涂附,BAC02,BAC02,2PCS,彩盒,20250715,V1,独立站,DONE,,,通用,125e6270a6bf0275a64cb25ddd5e9bbadde38395a6baabcc936d16593c585e7f,,
/Users/zhanghan/Desktop/涂覆包装-设计稿/独立站-DONE/2025/涂附-网格砂-BCG9-150MM-50PCS-20250819-V1.pdf,涂附-网格砂-BCG9-150MM-50PCS-20250819-V1.pdf,涂附-网格砂-BCG9-150MM-50PCS-20250819-V1.pdf,涂附,BCG9,BCG9,50PCS,彩盒,20250819,V1,独立站,DONE,,,,a46586846a2fbe1e8e4bc124851f27544f2c408d0fc88f5167394212f7ff1459,,
/Users/zhanghan/Desktop/涂覆包装-设计稿/独立站-DONE/2025/涂附-BD8-100PCS-100PCS-20250818-V1.pdf,涂附-BD8-100PCS-100PCS-20250818-V1.pdf,涂附-BD8-100PCS-100PCS-20250818-V1.pdf,涂附,BD8,BD8,100PCS,规格标签,20250818,V1,独立站,DONE,,,,9a1874dd5883b67d201273b933cf043fb71e0746a34b4b4d3b5164e18002bf8e,,
/Users/zhanghan/Desktop/涂覆包装-设计稿/独立站-DONE/2025/涂附-PSA卷-BDL9PSA-70MMX12MM-1PCS-20250819-V1.pdf,涂附-PSA卷-BDL9PSA-70MMX12MM-1PCS-20250819-V1.pdf,涂附-卷-BDL9PSA-70MMX12M-1PCS-20250819-V1.pdf,涂附,BDL9,BDL9,70X12,彩盒,20250819,V1,独立站,DONE,,,,2bf500d1e2db1d28991924265071dfd2f1d34f9f54795d9a94495dd1e1bf10cf,,
/Users/zhanghan/Desktop/涂覆包装-设计稿/独立站-DONE/2025/涂附-拉绒片-BF78-150mm，通用孔-50PCS-20250827-V1.pdf,涂附-拉绒片-BF78-150mm，通用孔-50PCS-20250827-V1.pdf,涂附-拉绒片-BF78-150mm，通用孔-50PCS-20250827-V1.pdf,涂附,BF78,BF78,待补充,彩盒,20250827,V1,独立站,DONE,,,通用,ac0cce4775ff94d07b0bf1319195bc76ef61166896a1a8cb501c0bed4b55669e,,
/Users/zhanghan/Desktop/涂覆包装-设计稿/独立站-DONE/2025/涂附-BN38-230X280-10PCS-20250901-V1.pdf,涂附-BN38-230X280-10PCS-20250901-V1.pdf,涂附-张页-BN38-230X280MM-10PCS-20250901-V1.pdf,涂附,BN38,BN38,230X280,彩盒,20250901,V1,独立站,DONE,,,,09eccbe4fc829c87d2f61e8bd0aef7d6a1ac3cd631c2008012bc2d33d56056e6,,
/Users/zhanghan/Desktop/涂覆包装-设计稿/独立站-DONE/2025/涂附-拉绒片-BT77-150mm，蝴蝶孔-50PCS-20250819-V1.pdf,涂附-拉绒片-BT77-150mm，蝴蝶孔-50PCS-20250819-V1.pdf,涂附-拉绒片-BT77-150mm，蝴蝶孔-50PCS-20250819-V1.pdf,涂附,BT77,BT77,50PCS,彩盒,20250819,V1,独立站,DONE,,,粗粒度,36c288bf0f9e7a03beec7151a221c76f8794b3e45a6a87fb36f50de2da8cd03d,,
/Users/zhanghan/Desktop/涂覆包装-设计稿/独立站-DONE/2025/涂附-无纺布-待补充-20250715-V1.pdf,涂附-无纺布-待补充-20250715-V1.pdf,涂附-无纺布-BNW011_012-150X230MM-20PCS-20250715-V1.pdf,涂附,无纺布,无纺布,待补充,彩盒,20250715,V1,独立站,DONE,,,混装,b3b03b6980703ceb0456fa022f158dadb03a95ad33fb92dd86d26552e094d3d8,,
/Users/zhanghan/Desktop/涂覆包装-设计稿/涂附-砂带-待补充-20260506-V1.pdf,涂附-砂带-待补充-20260506-V1.pdf,涂附-砂带-待补充-20260506-V1.pdf,涂附,砂带,砂带,待补充,彩盒,20260506,V1,其他,进行中,,,,814e673f0f28be27bf8fcbb10977ffe58f1d70d74bd959094e3a69c0090f4c28,,
/Users/zhanghan/Desktop/涂覆包装-设计稿/涂附-砂带-待补充-20260518-V1.pdf,涂附-砂带-待补充-20260518-V1.pdf,涂附-砂带-待补充-20260518-V1.pdf,涂附,砂带,砂带,待补充,彩盒,20260518,V1,其他,进行中,,,,73d88342e2558119788e825b86fbaebf5df4fd52914dad9b000f1d206a7c4fff,,
/Users/zhanghan/Desktop/涂覆包装-设计稿/涂附-卷装标签-待补充-20260506-V1.pdf,涂附-卷装标签-待补充-20260506-V1.pdf,涂附-卷装标签-待补充-20260506-V1.pdf,涂附,卷装标签,待补充,待补充,彩盒,20260506,V1,其他,进行中,,,,ddf22642b94cf86d93ab3b48d047cae8391acd9c887185ef5958beb457a6aa43,,
